brand,name,seller,reviews_rating_number,reviews_amount,page,old-money,new-money
LENOVO,Notebook Lenovo Thinkpad T480 14  I5 8ª 8gb Ssd 256gb,Por Micro Livre ,4.8,(70),1,1.719,171
LENOVO,Notebook I5 Tela Touch Ssd 256gb 32gb Fhd Hdmi Usb-c Tb3 T14,,5.0,(5),1,3.999,2.799
ASUS,"Notebook ASUS VivoBook Go 15 AMD Ryzen 5 7520U 8GB 512GB SSD KeepOS Tela 15,6"" FHD Mixed Black - E1504FA-NJ732",Por Asus ,4.8,(838),1,3.099,2.699
ACER,Notebook Acer Aspire 5 Ryzen 7 15.6 Radeon 512gb 8gb Linux,Por Mobcom ,4.8,(345),1,8.558,2.899
,2x5 Conjuntos De Fivelas De Couro Em Forma De Pêra Bolsa,,,,1,99,63
SAMSUNG,"Notebook Samsung Book 4 I3 1315u 8gb 512gb Ssd 15,6' W11 Pro Cor Grafite",Por Vikings ,4.9,(3473),1,4.998,2.834
DELL,Notebook Dell Inspiron I15-i120k-a25p I5 8gb 512gb 15.6 W11,Por Dell ,4.8,(993),1,3.698,3.302
SAMSUNG,"Notebook Samsung Galaxy Book4 Intel® U300 (1.20 Ghz, até 4.4GHz, 8 MB L3 Cache), Windows 11 Home, 8GB, 256GB SSD, UHD Graphics, 15.6'' Full HD LED, 1.55kg",Por Vikings ,4.8,(5030),1,4.165,2.699
ACER,Notebook Gamer Acer Nitro V Intel Core i7 13ª Geração 16GB 512GB RTX4050 Linux Gutta 15.6' FHD ANV15-51-7037,Por Acer Brasil ,4.8,(1325),1,7.299,6.399
SAMSUNG,"Samsung Chromebook 4 Intel Celeron N4020 4GB 64GB Tela 11.6"" Prata XE310XBA-KT4BR",Por 123 Comprou ,4.5,(143),1,2.331,1.433
ACER,Notebook Acer Gamer Nitro V15 Intel Core i7 13ª Ger. 32GB 512SSD RTX3050 com 6GB GDDR6 Nvidia GeForce Linux Gutta ANV15-51-73BP,Por Vikings ,4.9,(101),1,10.498,6.299
,"Notebook VAIO FE15 Intel Core i5 12th 16GB 512GB SSD Tela 15,6'' Full HD Antirreflexo Windows 11 Home Cinza Grafite B2621H",Por INPOWER ,4.8,(331),1,5.639,3.699
ACER,"Notebook Acer Aspire 5 Intel Core I5 - 12450H 8GB RAM 256GB SSD Windows 11 Home Tela 15,6"" Full HD A515-57-55B8",Por Mercado Livre ,4.8,(6343),1,4.117,2.962
DELL,Notebook Dell Latitude E5470 I5 6th 8gb 240gb Ssd - Bom (Recondicionado),Por GSOLD ELECTRO ,,,1,1.499,150
SAMSUNG,"Notebook Samsung Galaxy Book4 Intel® Core™ i5-1335U (1.3 Ghz, até 4.6GHz, 12 MB L3 Cache), Windows 11 Home, 8GB, 512GB SSD, Iris Xe, 15.6'' Full HD LED, 1.55kg",Por Samsung ,4.8,(891),1,3.332,333
,"Notebook Positivo Duo 2 em 1 Intel Celeron C4128B-3 4GB 128GB 11,6"" IPS HD Windows 11",Por Positivo ,4.5,(4095),1,1.732,173
DELL,Notebook Dell Inspiron I15-i120k-a35p I5 16gb 1tb 15.6 W11,Por Dell ,4.8,(1367),1,4.260,426
LENOVO,"Notebook Lenovo Ideapad 1i Intel Core i5 - 1235U, 8GB RAM, 512GB SSD, Windows 11 Home, Tela 15,6'' HD - 82VY000QBR",Por INPOWER ,4.8,(3677),1,4.185,3.013
ASUS,"Notebook ASUS Vivobook Go 15 E1504 AMD RYZEN 5 7520U 8GB Ram 256GB SSD Linux KeepOS 15,6” FHD Black E1504FA-NJ731",Por Mercado Livre ,4.8,(506),1,2.616,261
ACER,"Notebook Acer A515-57-5429 Intel Core i5-12450H 16GB RAM 512GB SSD Tela de 15,6'' Linux Gutta",Por Mercado Livre ,4.8,(972),1,4.285,2.937
ACER,Notebook Acer Aspire 5 A515-45-r0xr Ryzen7 8gb 256gb Ssd 15.6 Full Hd Linux Gutta,Por Vikings ,4.8,(422),1,4.831,2.727
DELL,Notebook Dell Inspiron I15-i120k-a15p I3 8gb 512gb 15.6 W11,Por Dell ,4.8,(555),1,3.299,2.997
ASUS,"Notebook Asus X515 Intel Celeron Dual Core N4500 4gb Ram 128gb Ssd Windows 11 Home Tela 15,6 Led Hd Slate Grey - Br309ws",,4.7,(115),1,2.599,1.844
,Notebook Positivo Vision C15 Lumina Bar Celeron 4gb 128gb Emmc Tela 15 Hd Antirreflexo Windows 11 Tecla Link Cinza,Por Positivo ,4.6,(2786),1,1.999,1.599
ACER,Notebook Acer Gamer Nitro V15 Intel Core I7 13ª Ger. 16gb 512ssd Rtx3050 Com 6gb Gddr6 Nvidia Geforce Linux Gutta ANV15-51-73E9,Por Vikings ,4.8,(110),1,9.998,6.099
ACER,Notebook Acer Nitro V15 ANV15-51-58AZ Core I5-13420h 8gb 512gb Rtx 3050 Cor Preto,Por Mercado Livre ,4.8,(744),1,7.398,5.264
ACER,Notebook Acer Predator Gamer Phn16-71-72w6 I7-13650hx 16gb 512gb Ssd Rtx 4060 Windows 11 Home Tela 16 Wuxga,Por Acer Brasil ,4.9,(547),1,10.999,8.599
ACER,Notebook Acer Aspire 5 A515-45-R36L Ryzen 7 15.6 Radeon 512gb 12gb Linux,,4.8,(643),1,4.356,3.217
,"Notebook Positivo Vision C15 Lumina Bar Celeron, 8GB 128GB eMMC, Tela 15.6"" HD Antirreflexo, Windows 11, Tecla Link, Cinza",Por Positivo ,4.6,(705),1,3.146,2.069
ACER,Notebook Acer Aspire 5 A15-51M-54E6 / Intel Core™ i5-13420H de 13ª Geração / 8GB / 512SSD / Windows 11 Home / 15.6” Full HD,Por Acer Brasil ,4.9,(151),1,3.599,3.099
ASUS,Notebook Asus Tuf Gaming Rtx3050 Core I5 16gb 512ssd W11,Por Mercado Livre ,4.9,(156),1,6.499,5.665
ASUS,"Notebook ASUS Vivobook 15 Core I5 1235U 3.3 GHz 8GB Ram 256GB SSD W11 Home Tela 15,6” NanoEdge Full HD Cool Silver X1504ZA-NJ985W",Por Mercado Livre ,4.8,(164),1,3.199,2.941
HP,Notebook Hp 256r G9 Intel Core I3-1315u 15.6 Hd Intel Uhd Graphics 256gb Ssd 8gb Ram Windows 11 Home 64 Sl - AN1A2LA#AK4,Por HP ,5.0,(23),1,3.137,2.659
,Notebook Positivo Vision C14 Lumina BAR Celeron 4GB 128GB eMMC Tela 14 Polegadas HD Antirreflexo Windows 11 Tecla Link – Cinza,Por Positivo ,4.6,(3685),1,1.799,1.449
ACER,"Notebook Gamer Acer Nitro V ANV15-51-57WS Intel® Core™ i5-13420H 13ªGeração 512SSD 8GB Nvidia® GeForce® RTX 3050 GDDR6 Linux Gutta 15,6'",Por 123 Comprou ,4.8,(2644),1,8.025,5.039
ASUS,"Notebook Asus Vivobook Go 15 E510ka Intel Celeron Dual Core N4500 4gb Ram 128gb Emmc Windows 11 Home 15,60 Hd Rosa - Br833ws",Por Asus ,4.7,(280),1,2.099,1.649
LENOVO,"Notebook Gamer Lenovo Loq 15irh8 Intel Core i5 12450H 16gb RAM 512GB SSD RTX 2050 Windows 11 Home Tela 15,6"" Full HD 83EU0001BR",Por Mobcom ,4.9,(2015),1,5.294,4.899
LENOVO,Lenovo Thinkpad P16 Intel Core Ultra 7 16gb Rtx 500 512gb W11 Pro,Por Lenovo ,,,1,11.249,1.081
ASUS,"Notebook ASUS Vivobook 15 X1504ZA Intel Core i5 1235U 8GB Ram 512GB SSD Windows 11 Tela 15,6"" FHD Blue - NJ987W",Por Asus ,4.9,(375),1,3.699,2.895
LENOVO,"Notebook Lenovo Ideapad 1i Intel Core i5 - 1235U, 16gb RAM, 512GB SSD, Windows 11 Home, Tela 15,6'' - 82vy000xbr - Cloudgrey",Por Lenovo ,4.8,(4571),1,3.249,312
LENOVO,Notebook Ideapad 1 R3 8gb 256gb W11 15.6 82x5000abr AMD Ryzen 3,Por Lenovo ,4.8,(499),1,2.379,228
ASUS,"Notebook ASUS Vivobook Go 15 E1504FA-NJ836W AMD Ryzen 5 7520U 2,8 GHz 8GB 512GB SSD Windows 11 Home 15,6"" Full Hd Preto",Por Login ,4.8,(344),1,3.599,2.990
LENOVO,Notebook Lenovo Ideapad 1 Ryzen 5 - 7520u 8gb 512gb Ssd Linux 15.6 82X5S00500,Por Lenovo ,4.8,(499),1,2.469,237
DELL,Notebook Dell Inspiron I15-i120k-a10p 15.6 I3 8gb 256gb W11,Por Dell ,4.8,(1018),1,3.198,3.038
LENOVO,"Notebook Lenovo IdeaPad 1i Intel Core i5-1235U 8GB 512GB SSD Windows 11 Home 14"" 83AF000EBR",Por Lenovo ,4.8,(4571),1,2.894,278
DELL,Notebook Core I5 Dell Latitude 16gb Ram 256gb Ssd M2,Por Canal Eletro ,4.3,(109),1,2.579,247
ACER,"Notebook Gamer Acer Nitro V Intel Core I5 - 13420H, 8GB Ram, 512GB SSD, NVIDIA RTX4050, Windows 11 Home, Tela 15,6"" Full HD - ANV15-51-54DL",Por Acer Brasil ,4.8,(974),1,7.299,5.449
HP,Notebook Hp 256r G9 Intel Core I5-1335u 15.6 Hd Intel Uhd Graphics 256gb Ssd 8gb Ram Windows 11 Home 64 Sl- Ay6z4la#ak4,Por HP ,4.8,(62),1,3.803,3.134
ASUS,Notebook Asus Vivobook 16 Intel Core I7 1355U 16GB RAM 1TB SSD Windows 11 Home Tela 16 Fhd Cool Silver – X1605VA-MB764W,Por Mercado Livre ,4.8,(100),1,5.199,519
LENOVO,"Notebook Lenovo IdeaPad 1 15IAU7 Intel Core i7-1255U HD 15.6"" Intel Iris Xe 512GB SSD 12GB RAM Windows 11- 82VY000PBR",Por Carrefour ,4.7,(209),1,4.599,3.999
LENOVO,"Notebook Gamer Lenovo Loq 15irh8 Intel Core i5 12450H 16gb RAM 512GB SSD RTX 2050 Windows 11 Home Tela 15,6"" Full HD 83EU0001BR",Por Mobcom ,4.9,(2015),2,5.294,4.899
HP,Notebook Hp 256r G9 Intel Core I3-1315u 15.6 Hd Intel Uhd Graphics 256gb Ssd 8gb Ram Windows 11 Home 64 Sl - AN1A2LA#AK4,Por HP ,5.0,(23),2,3.137,2.659
LENOVO,"Notebook Lenovo Ideapad 1i Intel Core I3 - 1215U, 4GB RAM, 256GB SSD, Windows 11 Home, Tela 15.6'' - 82VY000TBR Cor cinza",Por INPOWER ,4.8,(1213),2,3.253,2.277
SAMSUNG,"Notebook Samsung Book 4 Intel i5 1335u 8gb 256gb Ssd 15,6' Windows 11 Pro",Por Eshop ,5.0,(13),2,4.619,3.590
ASUS,Notebook Asus Vivobook Go Core I3 N305 4gb 256ssd W11 Fhd,Por Mercado Livre ,4.8,(460),2,2.777,277
,"Notebook Positivo Vision I15 Lumina Bar, Core I3, 11th, 8gb 256gb Ssd, Tela 15 Polegadas Full Hd Antirreflexo, W11 - Ci",Por Mega Mamute ,4.8,(102),2,3.629,2.399
ASUS,Notebook Asus Tuf Gaming Rtx3050 Core I5 16gb 512ssd W11,Por Mercado Livre ,4.9,(156),2,6.499,5.665
,"Notebook VAIO FE15, Intel® Core i5 11th, 8GB 512GB SSD, Tela 15,6'' Full HD Antirreflexo, Linux - Cinza Grafite, VJFE55F11XB0221H",,5.0,(2),2,3.509,3.199
HP,Notebook Hp 256r G9 Intel Core I3-1315u 15.6 Hd Intel Uhd Graphics 256gb Ssd 8gb Ram Windows 11 Home 64 Sl - AN1A2LA#AK4,Por HP ,5.0,(23),2,3.137,2.659
SAMSUNG,"Notebook Samsung Galaxy Book4 Intel® Core i3-1315U (1.2 Ghz, até 4.5GHz, 10 MB L3 Cache), Windows 11 Home, 8GB, 512GB SSD, Placa Gráfica Intel® UHD, 15.6"" Full HD LED, 1.55Kg",Por Mercado Livre ,4.9,(75),2,3.799,2.519
ACER,Notebook Acer Aspire 5 Ryzen 7 15.6 Radeon 512gb 8gb Linux,Por Mobcom ,4.8,(345),2,8.558,2.899
SAMSUNG,Notebook Samsung Galaxy Book4 Windows 11 Home Intel Core I3 8gb 256gb Ssd 15.6'' Full Hd Led 1.55 Kg Grafite,Por 2Eletro ,4.9,(3473),2,3.590,2.899
,Notebook Positivo Vision C14 Lumina BAR Celeron 4GB 128GB eMMC Tela 14 Polegadas HD Antirreflexo Windows 11 Tecla Link – Cinza,Por Positivo ,4.6,(3685),2,1.799,1.449
ACER,"Notebook Aspire 5 A515-57-58w1 I5 Linux 8gb 256gb 15,6' Fhd",Por Acer Brasil ,4.8,(45),2,3.799,2.699
ASUS,"Notebook Asus Vivobook Go 15 E1504ga Intel Core I3 N305 4gb Ram 128gb Ssd Windows 11 Tela 15,6 Fhd Silver - Nj440w",Por Webfones ,4.8,(272),2,2.999,2.209
ACER,Notebook Gamer Predator Helios Neo / Phn16-72-74vx / Intel® Core I7-14700hx De 14ªgeração / 16gb / 512ssd / Windows 11 Home / Nvidia Geforce Rtx 4070 Gddr6 / Tela 16,Por Acer Brasil ,4.8,(47),2,12.999,10.599
ASUS,"Notebook Asus Vivobook Go 15 E510ka Intel Celeron Dual Core N4500 4gb Ram 128gb Emmc Windows 11 Home 15,60 Hd Rosa - Br833ws",Por Asus ,4.7,(280),2,2.099,1.649
LENOVO,"Notebook Gamer Lenovo Loq 15irh8 Intel Core i5 12450H 16gb RAM 512GB SSD RTX 2050 Windows 11 Home Tela 15,6"" Full HD 83EU0001BR",Por Mobcom ,4.9,(2015),2,5.294,4.899
HP,Notebook Hp Probook 440 G9 Intel Core I3-1215u 14 Intel Uhd 256gb 8gb Ram Windows 11 Pro- 839y2la#ak4,Por HP ,5.0,(5),2,3.099,297
HP,Notebook Hp 256r G9 Intel Core I5-1335u 15.6 Hd Intel Uhd Graphics 256gb Ssd 8gb Ram Windows 11 Home 64 Sl- Ay6z4la#ak4,Por HP ,4.8,(62),2,3.803,3.134
HP,Notebook Hp Elitebook 840 G9 Intel Vpro I5- W11p 256gb,Por HP ,5.0,(1),2,8.177,4.599
LENOVO,Lenovo Thinkpad P16 Intel Core Ultra 7 16gb Rtx 500 512gb W11 Pro,Por Lenovo ,,,2,11.249,1.081
,Notebook Positivo Master N1250 Pentium N5030 4gb 128gb W11 Cor Cinza,,4.6,(570),2,1.987,198
LENOVO,"Notebook Lenovo IdeaPad 1i Intel Core i3-1215U 4GB 256GB SSD Windows 11 Home 15.6"" 82VY000UBR Com 2 Anos Premium Care",Por Carrefour ,4.7,(36),2,2.999,2.599
ASUS,"Notebook ASUS Vivobook 15 X1504ZA Intel Core i5 1235U 8GB Ram 512GB SSD Windows 11 Tela 15,6"" FHD Blue - NJ987W",Por Asus ,4.9,(375),2,3.699,2.895
LENOVO,Notebook Core I7(10ª Ger)16gb Ram 256ssd Bluetooth Hdmi Usbc,,,,2,2.690,269
LENOVO,"Notebook Lenovo Ideapad 1i Intel Core i5 - 1235U, 16gb RAM, 512GB SSD, Windows 11 Home, Tela 15,6'' - 82vy000xbr - Cloudgrey",Por Lenovo ,4.8,(4571),2,3.249,312
LENOVO,Notebook Ideapad 1 R3 8gb 256gb W11 15.6 82x5000abr AMD Ryzen 3,Por Lenovo ,4.8,(499),2,2.379,228
ASUS,"Notebook ASUS Vivobook Go 15 E1504FA-NJ836W AMD Ryzen 5 7520U 2,8 GHz 8GB 512GB SSD Windows 11 Home 15,6"" Full Hd Preto",Por Login ,4.8,(344),2,3.599,2.990
LENOVO,Notebook Lenovo Ideapad 1 Ryzen 5 - 7520u 8gb 512gb Ssd Linux 15.6 82X5S00500,Por Lenovo ,4.8,(499),2,2.469,237
LENOVO,"Notebook Lenovo IdeaPad 1i Intel Core i5-1235U 8GB 512GB SSD Windows 11 Home 14"" 83AF000EBR",Por Lenovo ,4.8,(4571),2,2.894,278
ASUS,Notebook Gamer Asus Tuf F15 Core I7 8gb 512ssd Linux Rtx3050 Cor Cinza,Por Eshop ,4.5,(61),2,7.680,5.890
ASUS,"Notebook Gamer ASUS TUF Gaming A15 AMD Ryzen 7 7435HS 3,1 GHz GeForce RTX™2050 8GB RAM 512GB SSD Linux KeepOs Tela 15,6 144Hz IPS FHD Graphite Black - FA506NFR-HN069",Por Mercado Livre ,4.8,(9),2,4.943,494
DELL,Notebook Core I5 Dell Latitude 16gb Ram 256gb Ssd M2,Por Canal Eletro ,4.3,(109),2,2.579,247
ACER,Notebook Acer Aspire 5 A515-45-r0xr Ryzen7 8gb 256gb Ssd 15.,Por Grand Commerce ,,,2,4.499,2.949
,"Apple MacBook Air (13 polegadas, 2020, Chip M1, 256 GB de SSD, 8 GB de RAM) - Ouro",,4.9,(1091),2,6.090,609
LENOVO,Notebook Lenovo Thinkpad T490 I7 16gb Ssd 256gb 14,,4.4,(5),2,2.449,244
HP,Notebook Hp 256r G9 Intel Core I5-1335u 15.6 Hd Intel Uhd Graphics 256gb Ssd 8gb Ram Windows 11 Home 64 Sl- Ay6z4la#ak4,Por HP ,4.8,(62),2,3.803,3.134
ACER,Notebook Acer Aspire 5 A514-54-57hc I5 8gb Ssd 512gb 14 Fhd Ips Windows 11 Pro,Por Concordia Informatica ,4.8,(461),2,4.462,428
LENOVO,"Notebook Lenovo Ideapad 1i Intel I5-1235u 8gb 512gb 15,6 W11",Por 2Eletro ,5.0,(7),2,3.999,3.199
DELL,Dell Latitude 5450 -i5- 13ª geração// 32 gb// 512 gb Touch Grey,,,,2,7.800,780
, Rhodia QUADRICULADO A5 Capa Laranja 80 folhas  quadriculadas unidade x 1,,,,2,50,4
,Notebook Positivo Vision C14 Lumina Bar Celeron 8gb 256gb Emmc Tela 14 Polegadas Hd Antirreflexo Linux Tecla Link - Cinza,Por Positivo ,4.5,(242),2,2.099,1.437
ACER,Notebook Acer Aspire 3 A315-510p-34xc Intel Core I3 8gb,Por Carrefour ,,,2,3.299,2.699
ACER,"Notebook Acer TravelMate TMP214-55-54ZZ Intel® Core™ i5 – 1335U de 13ªGen 16GB 512GB SSD W11 Pro 14""",Por Acer Brasil ,,,2,7.999,799
ASUS,"Notebook Gamer ASUS TUF Gaming A15 AMD Ryzen 7 7435HS 3,1 GHz RTX3050 16GB RAM 512GB SSD Windows 11 Home Tela 15,6 144Hz IPS FHD Graphite Black - FA506NCR-HN088W",Por Mercado Livre ,5.0,(11),2,6.499,649
ASUS,"Notebook Asus vivobook 15 x1504za intel core i5 1235u 8gb ram 512gb ssd linux keepos tela 15,6 fhd blue nj983",Por Asus ,4.8,(181),2,3.399,2.855
LENOVO,"Notebook Lenovo Ideapad 1 Intel Core i3 1215U 8GB RAM 256GB SSD Windows 11 Home Tela 15,6"" 82VY000SBR",,4.8,(4571),2,3.499,2.549
LENOVO,"Notebook Lenovo Ideapad 1i Intel Core i3 1215U 4GB 256GB Linux 15,6"" HD 82VYS00600",Por Lenovo ,4.8,(4571),2,2.084,200
DELL,Notebook Dell 15.6 Fhd I5 8gb 512gb Ssd Rtx 3050,Por Dell ,4.5,(14),2,6.011,5.710
SAMSUNG,"Samsung Galaxy Chromebook Go Intel Celeron N4500, 4gb, 32gb Cor Cinza",,4.6,(13),2,1.861,1.339
HP,Notebook Hp Elitebook 840 G3 Core I5-6300u 8gb Ssd 240gb,,5.0,(2),2,1.199,119
,"Bloco Rhodia Edição 90 Anos & Paper People 14,6x20,8cm 80fls",,,,2,54,5
,Tapete Office Mouse Pad Dupla Face Tecido sintético impermeável e antiderrapante Toque macio Geonav Preto E Cinza,,4.8,(26),2,67,33
,"Bloco Rhodia Edição 90 Anos & Paper People 8,3x11,8cm 80 Fls",,,,2,29,2
ASUS,"Notebook ASUS TUF Gaming A15 FA506NCR NVIDIA RTX 3050 AMD Ryzen 7 7435HS 8Gb Ram 512Gb SSD Linux KeepOS Tela 15,6"" FHD Nível IPS 144Hz Black - HN089",Por Asus ,5.0,(4),2,6.899,5.312
LENOVO,"Notebook Lenovo Ideapad 1i Intel Core I3 - 1215U, 4GB RAM, 256GB SSD, Windows 11 Home, Tela 15.6'' - 82VY000TBR Cor cinza",Por INPOWER ,4.8,(1213),2,3.253,2.277
LENOVO,"Notebook Gamer Lenovo Loq 15irh8 Intel Core i5 12450H 16gb RAM 512GB SSD RTX 2050 Windows 11 Home Tela 15,6"" Full HD 83EU0001BR",Por Mobcom ,4.9,(2015),3,5.294,4.899
HP,Notebook Hp 256r G9 Intel Core I3-1315u 15.6 Hd Intel Uhd Graphics 256gb Ssd 8gb Ram Windows 11 Home 64 Sl - AN1A2LA#AK4,Por HP ,5.0,(23),3,3.137,2.659
LENOVO,"Notebook Lenovo Ideapad 1i Intel Core I3 - 1215U, 4GB RAM, 256GB SSD, Windows 11 Home, Tela 15.6'' - 82VY000TBR Cor cinza",Por INPOWER ,4.8,(1213),3,3.253,2.277
ASUS,"Notebook ASUS TUF Gaming A15 FA506NCR NVIDIA RTX 3050 AMD Ryzen 7 7435HS 8Gb Ram 512Gb SSD Linux KeepOS Tela 15,6"" FHD Nível IPS 144Hz Black - HN089",Por Asus ,5.0,(4),3,6.899,5.312
LENOVO,"Notebook Lenovo Ideapad 1i Intel Core I3 - 1215U, 4GB RAM, 256GB SSD, Windows 11 Home, Tela 15.6'' - 82VY000TBR Cor cinza",Por INPOWER ,4.8,(1213),3,3.253,2.277
ACER,Chromebook Acer Co731c6nn Intel Celeron 4gb Emmc32gb Chros,,4.0,(1),3,1.550,1.285
,"Notebook Presario CQ-25 14.1"" gray 4GB de Ram - 120GB SSD - Intel Pentium",,4.2,(33),3,1.099,
LENOVO,Notebook Lenovo Ideapad 1 15iau7 Intel Core I5-1235u 8gb,Por Carrefour ,5.0,(4),3,3.699,3.089
,Notebook VAIO FE16 Amd Ryzen 7 - 5700u Linux 16gb 512gb Ssd Tela 16 Ips Wuxga Antirreflexo - Cinza Grafite - Vjfe69f11xb0811h,Por Vaio ,4.0,(4),3,4.799,3.799
HP,Notebook Hp Probook 440 G9 Intel Core I3-1215u 14 Intel Uhd 256gb 8gb Ram Windows 11 Pro- 839y2la#ak4,Por HP ,5.0,(5),3,3.099,297
SAMSUNG,"Notebook Samsung Galaxy Book4 Intel® Core i3-1315U (1.2 Ghz, até 4.5GHz, 10 MB L3 Cache), Windows 11 Home, 8GB, 512GB SSD, Placa Gráfica Intel® UHD, 15.6"" Full HD LED, 1.55Kg",Por Mercado Livre ,4.9,(75),3,3.799,2.519
ACER,Notebook Acer Aspire 5 Ryzen 7 15.6 Radeon 512gb 8gb Linux,Por Mobcom ,4.8,(345),3,8.558,2.899
LENOVO,Notebook Lenovo Thinkpad T14 I5 10ª Geração 16gb Ssd 256 M2,,,,3,3.998,2.958
,Tapete Office Mouse Pad Dupla Face Tecido sintético impermeável antiderrapante Macio Geonav Preto E Azul,,4.9,(30),3,39,3
LENOVO,Notebook Lenovo V14 G4 Amd Ryzen 3 8gb 256gb Ssd Dos 14,Por Lenovo ,,,3,2.114,203
HP,Notebook 256-g9 I3 8gb 256gb Ssd 15w11 7z3r2la Hp Cx 1 Un Cor Preto,,4.8,(467),3,2.898,278
,Notebook Core I3-7020u Ssd 240gb Win10 Pro Original Wi-fi 5g,,,,3,1.799,180
LENOVO,"Notebook Lenovo IdeaPad 1i Intel Core i7-1255U 16GB 512GB SSD Windows 11 Home 15.6"" 82VY000NBR",Por Lenovo ,4.8,(4571),3,4.034,387
SAMSUNG,Notebook Samsung Galaxy Book4 Windows 11 Home Intel Core I3 8gb 256gb Ssd 15.6'' Full Hd Led 1.55 Kg Grafite,Por 2Eletro ,4.9,(3473),3,3.590,2.899
HP,Notebook Hp Elitebook 840 G9 Intel Vpro I5- W11p 256gb,Por HP ,5.0,(1),3,8.177,4.599
HP,Notebook Hp 256r G9 Intel Core I5-1335u 15.6 Hd Intel Uhd Graphics 256gb Ssd 8gb Ram Windows 11 Home 64 Sl- Ay6z4la#ak4,Por HP ,4.8,(62),3,3.803,3.134
,"Notebook Positivo Vision R15 Lumina Bar, Amd Ryzen 7 8gb 256gb, Tela 15 Full Hd Antirreflexo, Linux - Preto",Por Positivo ,4.7,(69),3,3.599,2.746
SAMSUNG,"Notebook Samsung Galaxy Book Go Snapdragon 7c Kryo 468 Octa-core 4GB RAM 128GB SSD 14"" Full HD W11 com Office 365 NP340XLA-K07BR",,4.7,(738),3,2.338,1.999
LENOVO,Notebook Lenovo Ideapad 1 Ryzen 5 7520U 8gb 512gb W11 15.6 HD 82x5000gbr,Por Lenovo ,4.8,(499),3,2.719,261
LENOVO,Notebook Celeron 15.6 128gb Ssd 4gb W11 82bu0006br Lenovo Cor Prateado,Por 123 Comprou ,4.6,(2368),3,3.665,2.199
LENOVO,Notebook Lenovo Ideapad 1 Ryzen 3 7320U 4gb 256gb SSD Linux 15.6 HD 82x5s00600,Por Lenovo ,4.7,(202),3,1.939,186
,Hub Usb-c 3.2 Multi Dispositivos 4 Portas Aluminio Geonav,,4.3,(12),3,199,33
,"Notebook Positivo Vision R15 Lumina Bar, Amd Ryzen 7 32gb 512gb, Tela 15 Polegadas Full Hd Antirreflexo, Linux - Preto",Por Positivo ,4.7,(15),3,4.299,3.349
,Positivo Motion N4020 4m Cache Ssd 120gb +64gb Win11 Vitrine,,,,3,1.349,135
DELL,Notebook Dell Xps 13 9370 13.3 I7 8th 16gb M2 512gb 4k Touch,,,,3,3.999,399
ASUS,Notebook Asus Core I5 1235u 8gb Ssd 256gb 15.6 Windows 11,Por 2Eletro ,5.0,(1),3,4.000,3.035
,Notebook Vaio Fe 16 Amd Ryzen 7 - 5700u Linux 32gb 512gb Ssd Tela 16 Ips Wuxga Antirreflexo - Cinza Grafite - Vjfe69f11xb0911h,Por Vaio ,5.0,(5),3,4.759,3.899
SAMSUNG,"Notebook Samsung Book4 I5 1335u 8gb 256gb 15,6 W11p Np754xgj",Por 2Eletro ,,,3,3.800,3.499
,"Notebook Chromebook Clamshell, 14, 32gb/4gb - Pc918a Cor Preto",Por Loja Multi ,4.7,(14),3,1.399,140
DELL,Notebook Dell Inspiron 5440 Core 7 150u 16gb 512ssd Mx570a Cor Prateado,,,,3,6.922,6.160
,Baita Notebook Emachines Acer Intel Em Oferta!!,,,,3,699,69
ACER,Notebook Gamer Nitro V15 Anv15-51-57ws I5 Lx 8gb 512gb Ssd,Por Acer Brasil ,4.8,(315),3,5.299,529
SAMSUNG,"Notebook Samsung Book4 I3 1315u 8gb 512gb 15,6 W11p Np754xgj",Por 2Eletro ,4.7,(3),3,3.800,2.771
,"Notebook Positivo Vision i15 Lumina Bar i3-N300, 8GB 512GB SSD, Tela 15 polegadas Full HD Antirreflexo Linux - Cinza",Por Positivo ,4.6,(280),3,2.699,2.298
,"Notebook Multi I3-8145u 4gb 240gb Ssd Linux 15,6'' Cinza - Ub491",Por 123 Comprou ,4.6,(45),3,3.165,1.745
LENOVO,Notebook Lenovo Thinkpad T480 I7 8a Ger 16gb M2 256gb Brinde,,5.0,(3),3,2.389,238
SAMSUNG,"Notebook Samsung Galaxy Book4, Windows 11 Home, Intel® Core 5, 16gb, 512gb Ssd, Nvidia® Geforce® Mx570, 15.6'' Full Hd Led, Fingerprint - Grafite",Por Samsung ,4.9,(197),3,4.899,4.464
LENOVO,Notebook Lenovo Ideapad 1 R3-7320U 4GB de RAM 256GB SSD W11 Home 15.6 82x5000ebr,Por Lenovo ,4.8,(499),3,2.114,203
DELL,Notebook Dell Latitude 3490 I5 8gb 256gb Ssd 14  Fhd,,,,3,1.750,175
ASUS,"Notebook Asus Vivobook Go E1504ga Intel Core I3 N305 8gb Ram 512gb Ssd Linux Keepos Tela 15,6 Fhd Silver - Nj438",Por Asus ,4.9,(72),3,2.799,2.499
HP,Notebook Hp Elitebook 840 G7 Core I5 10ª Ger 16gb Ssd 256gb,,5.0,(2),3,2.399,239
, Rhodia Katakana 162100K 80 folhas  quadriculadas 1 assuntos unidade x 1 14.8cm x 21cm cor laranja,,,,3,55,5
DELL,Notebook Dell Core 2 Duo Muito Bom!!!,,,,3,649,64
LENOVO,Notebook Ideapad 1i Intel Core i5 12gb 512gb Linux 82vys00900 Cloud Grey,Por Lenovo ,4.8,(4571),3,2.809,269
,"Bloco Rhodia Edição 90 Anos & Paper People 7,2x10,3cm 80 Fls",,,,3,24,
ACER,"Notebook Acer A515-57-55b8 Aspire 5 I5-12450h 8gb 256gb 15,6",,5.0,(4),3,3.999,3.034
DELL,"Notebook Latitude 5490 14"" preto 8GB de Ram - 256GB SSD - Intel Core i5",,4.1,(70),3,2.999,299
ASUS,"Notebook Asus Vivobook Go 15 E1504fa Amd Ryzen 5 7520u 8gb Ram 1tb Ssd Linux Keepos Tela 15,6 Fhd Black - Nj1289",Por Asus ,4.8,(44),3,3.299,2.738
ASUS,Notebook Asus Vivobook 16 X1605va Intel Core I7 1355u 16gb Ram 512gb Ssd Windows 11 Home Tela 16 Ips Fhd Silver - Mb763w,Por Asus ,4.9,(11),3,4.634,463
ASUS,"Notebook Asus Vivobook Go 15 E1504fa Amd Ryzen 5 7520u 16gb Ram 512gb Ssd Linux Keepos Tela 15,6 Led Fhd Black - Nj1288",Por Asus ,4.7,(78),3,3.311,3.089
,"Notebook Positivo Vision R15 Lumina Bar, Amd Ryzen 5 16gb 512gb, Tela 15 Polegadas Full Hd Antirreflexo, Windows 11 Home Tecla Copilot - Preto",Por Positivo ,4.6,(12),3,4.199,3.099
HP,Notebook HP 14 14-dq0002dx Intel Celeron 4 GB de RAM branco,,,,3,1.609,154
LENOVO,"Notebook Lenovo Ideapad 1i Intel Core I3 - 1215U, 4GB RAM, 256GB SSD, Windows 11 Home, Tela 15.6'' - 82VY000TBR Cor cinza",Por INPOWER ,4.8,(1213),4,3.253,2.277
HP,Notebook Hp 256r G9 Intel Core I3-1315u 15.6 Hd Intel Uhd Graphics 256gb Ssd 8gb Ram Windows 11 Home 64 Sl - AN1A2LA#AK4,Por HP ,5.0,(23),4,3.137,2.659
LENOVO,"Notebook Gamer Lenovo Loq 15irh8 Intel Core i5 12450H 16gb RAM 512GB SSD RTX 2050 Windows 11 Home Tela 15,6"" Full HD 83EU0001BR",Por Mobcom ,4.9,(2015),4,5.294,4.899
,"Notebook Positivo Vision R15 Lumina Bar, Amd Ryzen 5 16gb 512gb, Tela 15 Polegadas Full Hd Antirreflexo, Windows 11 Home Tecla Copilot - Preto",Por Positivo ,4.6,(12),4,4.199,3.099
HP,Notebook HP 14 14-dq0002dx Intel Celeron 4 GB de RAM branco,,,,4,1.609,154
,"Bloco Rhodia Edição 90 Anos & Paper People 10,3x14,6cm 80fls",,,,4,34,3
,"Notebook Positivo Vision I15 Lumina Bar, Core I3, 11th, 8gb 512gb Ssd, Tela 15 Polegadas, Full Hd Antirreflexo, Windows 11 - Cinza",Por Positivo ,4.8,(12),4,3.937,2.679
ASUS,"Notebook ASUS Vivobook Go 15 E1504FA AMD Ryzen 3 7320U 4Gb Ram 128Gb SSD Windows 11 Home Tela 15,6 FHD Mixed Black - NJ1364W",,4.9,(47),4,2.179,217
DELL,Notebook Dell Lat E7270 Core I5-6a 8gb Ssd256gb Laptop Note,,,,4,949,94
HP,Notebook Hp Probook 440 G9 Intel Core I3-1215u 14 Intel Uhd 256gb 8gb Ram Windows 11 Pro- 839y2la#ak4,Por HP ,5.0,(5),4,3.099,297
HP,Notebook Hp 256r G9 Intel Core I5-1335u 15.6 Hd Intel Uhd Graphics 256gb Ssd 8gb Ram Windows 11 Home 64 Sl- Ay6z4la#ak4,Por HP ,4.8,(62),4,3.803,3.134
,"Notebook Positivo Vision R15 Lumina Bar, Amd Ryzen 5 8gb 256gb, Tela 15 Polegadas Full Hd Antirreflexo, Windows 11 Home Tecla Copilot - Preto",,4.7,(87),4,3.707,2.780
,Notebook Vaio Fe14 14' Qhd 1440p Core I5  10° Nvme 256gb 8gb,,,,4,3.179,318
HP,Notebook Workstation Hp Zbook 17 G5 I5 Nvidia Quadro T1000,,,,4,4.950,495
,"MacBook Air M1 2020 13"" cinza-espacial 8GB de Ram - 256GB SSD - Apple Chip",,4.9,(238),4,5.999,599
,Notebook Compaq 14' Led Pentium N3700 Quadcore Ssd 240gb 4gb,,,,4,1.329,133
DELL,Notebook Dell Latitude 3540 Core I5 12° Geração 8 Gb Memória Cor Cinza,,5.0,(1),4,4.779,459
HP,Notebook Hp Elitebook 840 G7 Core I5 10ª 8gb Ssd 256gb 14 ,,5.0,(1),4,2.249,224
HP,Notebook Hp 256r G9 Intel Core I5-1335u 15.6 Hd Intel® Iris Xe Graphics 256gb Ssd 16gb Ram Windows 11 Home Pls Sl- Ay6z5la#ak4,Por HP ,4.8,(54),4,3.803,3.324
HP,Notebook Hp Elitebook 840 G9 Intel Vpro I5- W11p 256gb,Por HP ,5.0,(1),4,8.177,4.599
,"Notebook Positivo Vision C15 Lumina Bar Celeron, 8GB 128GB eMMC, Tela 15.6"" HD Antirreflexo, Windows 11, Tecla Link, Cinza",Por Positivo ,4.6,(705),4,3.146,2.069
DELL,Notebook Dell Latitude 3540 Intel Core i7 1355u 32 GB de RAM SSD Intel Iris Xe Graphics 96eu 1920x1080px Teclado espanhol Windows 11 Pro cinza escuro,,,,4,7.200,720
HP,Notebook Hp Probook 440 G9 Intel Core I3-1215u 14 Intel Uhd 256gb 8gb Ram Windows 11 Pro- 839y2la#ak4,Por HP ,5.0,(5),4,3.099,297
DELL,Notebook Dell Latitude 3440 Intel Core I3 13th 8gb 256ssd Cor Cinza,,,,4,4.148,3.691
ASUS,Notebook Asus X515 N4500 16gb Ram Ddr4 512gb Nvme Windows 11,,,,4,3.299,3.035
ASUS,"Notebook ASUS Vivobook Go E1504GA Intel Core i3 N305 8GB Ram 512GB SSD Windows 11 Tela 15,6"" FHD Silver - NJ435W",Por Asus ,4.9,(552),4,3.199,3.039
,Notebook Netbook Positivo Mobo S7  Laptop- Com Garantia E Nf,,3.5,(66),4,369,36
SAMSUNG,Notebook Samsung Rv415 Amd Em Oferta!!,,5.0,(2),4,599,59
ASUS,"Notebook ASUS X515KA Intel Celeron Dual Core N4500 4GB Ram 128GB SSD Windows 11 Home 15,6 HD Grey EJ303WS",,4.7,(329),4,1.775,170
ACER,"Notebook Acer Aspire 3 Intel Core i3– N305 FHD 15.6"" LED TN UHD para processadores Inte 256GB SDD 8GB RAM Debian 64 bits Prata - A315-510P-320B",,4.8,(200),4,3.410,2.501
,"Bloco Rhodia Edição 90 Anos & Paper People 20,8x31,6cm 80fls",,,,4,99,9
DELL,Dell Latitude 3450 I3-1315u 512 Gb Ssd 16 Gb Ddr5 Hd Win11,,,,4,4.999,4.749
SAMSUNG,Notebook Samsung Galaxy Book4 I3- 1335u 512gb Np754xgj-kg3br,,5.0,(1),4,4.999,4.449
DELL,Notebook Dell Latitude 7410 Intel Core I5 10ªg 16gb 512gb,,,,4,2.249,224
,Notebook Positivo Pentium 4gb Hd 500gb Perfeito 100%!,,,,4,649,64
LENOVO,Lenovo Thinkpad T14 Gen 4 Touch i7-1355U 512 GB Ssd 16 GB Ddr5 cor preta,,,,4,7.900,790
ACER,Excelente Netbook Acer Intel Atom!,,,,4,549,54
LENOVO,Notebook Lenovo Ideapad Core I7 1165g7 8gb 256ssd 15itl6,,,,4,5.111,4.549
,Kit Escova Limpeza Notebook Celular Teclado Fone Pc 7 Em 1,,4.6,(105),4,32,30
ASUS,Notebook Asus Vivobook 16 Snapdragon X1 26 100 16gb 1tb W11,Por Mercado Livre ,,,4,8.235,791
DELL,"Notebook Dell Latitude 7450 I5 8 Gb Ram 256 Gb SSD 14"" DIMM preto",,,,4,2.933,293
LENOVO,Notebook Lenovo E14 Intel Core I7 8 Gb Ssd256 14 Windows,,5.0,(1),4,2.490,249
ACER,Notebook Acer Nitro V15 ANV15-51-58AZ Core I5-13420h 8gb 512gb Rtx 3050 Cor Preto - Excelente (Recondicionado),,,,4,4.824,482
SAMSUNG,"Notebook Samsung Galaxy Book 2 8gb, 256g Intel Core I5-1235u",,,,4,3.250,2.762
,Notebook Positivo Motion Gray C41tf Intel® Celeron® Dual-core Windows 11 Home 14.1 - Cinza,,,,4,1.449,140
,Notebook Positivo Master N140i I5 8gb 1tb Windows 10 Pro 14 Cor Preto - Excelente (Recondicionado),,,,4,1.398,139
LENOVO,Notebook Lenovo Thinkpad E14 Core I7 10a Geração 16gb 256gb,,,,4,2.670,267
LENOVO,Notebook Lenovo Core I7(10ª Ger)16gb Ram 256ssd Hdmi Usbc+nf,,5.0,(1),4,2.690,269
ASUS,Notebook Asus Vivobook 16 X1605va Intel Core I7 1355u 8gb Ram 512gb Ssd Windows 11 Home Tela 16 Fhd Silver - Mb741w,Por Asus ,4.6,(9),4,4.415,3.929
,Notebook Positivo Master N1250 Pentium N5030 4gb 128gb W11 Cor Cinza - Excelente (Recondicionado),,,,4,1.449,144
LENOVO,Notebook Lenovo Thinkpad T480 14  I5 8ª 8gb Ssd 256gb,Por Micro Livre ,4.8,(70),4,1.719,171
,Apple Macbook Pro 14 Chip M4 16gb 512ssd 2024,,5.0,(2),4,14.699,1.469
DELL,"Notebook Dell Latitude 3550 Full HD Intel Core i5-1335U de 16 GB 512 ssd Windows 11 Pro de 15,6 polegadas, cor cinza",,,,4,7.211,721
ASUS,"Notebook ASUS Vivobook Go 15 E510KA Intel Celeron Dual Core N4500 4GB Ram 128GB EMMC Windows 11 Home 15,60"" HD Black - BR808WS",Por Asus ,4.2,(19),4,2.099,1.658
ASUS,Notebook Asus Vivobook 16 X1605va Intel Core I7 1355u 8gb Ram 512gb Ssd Linux Keepos Tela 16 Ips Fhd Silver - Mb742,Por Asus ,4.9,(18),4,3.863,3.322
,"Bloco De Notas Rhodia 15,5x22cm Capa Couro Preto",,,,4,184,18
DELL,"Notebook Dell Latitude 3540 Intel Core i7 1355u 32 GB de RAM Ssd Intel Iris Xe Graphics 96eu 39,6 cm (15,6) Full Hd 1920x1080px Wi-Fi 6e (802.11ax) Teclado espanhol Windows 11 Pro cinza escuro",,,,4,6.590,659
,"Notebook Positivo Vision R15 Lumina Bar, Amd Ryzen 5 8gb 256gb, Tela 15 Polegadas Full Hd Antirreflexo, Windows 11 Home Tecla Copilot - Preto",,4.7,(87),5,3.707,2.780
HP,Notebook Hp 256r G9 Intel Core I5-1335u 15.6 Hd Intel® Iris Xe Graphics 256gb Ssd 16gb Ram Windows 11 Home Pls Sl- Ay6z5la#ak4,Por HP ,4.8,(54),5,3.803,3.324
HP,Notebook Hp Probook 440 G9 Intel Core I3-1215u 14 Intel Uhd 256gb 8gb Ram Windows 11 Pro- 839y2la#ak4,Por HP ,5.0,(5),5,3.099,297
DELL,"Notebook Dell Latitude 3540 Intel Core i7 1355u 32 GB de RAM Ssd Intel Iris Xe Graphics 96eu 39,6 cm (15,6) Full Hd 1920x1080px Wi-Fi 6e (802.11ax) Teclado espanhol Windows 11 Pro cinza escuro",,,,5,6.590,659
DELL,Notebook Dell Latitude 5300 Core I5 8ª-8365u 8gb Ssd 256gb,,,,5,1.899,189
ASUS,"Notebook Asus Vivobook Go 15 E1504fa Amd Ryzen 5 7520u 4gb Ram 256gb Ssd Linux Keepos Tela 15,6 Fhd Black - Nj1287",Por Asus ,4.5,(42),5,2.599,2.027
DELL,Notebook Barato Dell 7490 Core I7 8gb Ssd256gb Win11 Detalhe,,,,5,1.490,149
HP,Notebook Hp Elitebook 840 G6 I5 8a 16gb Ddr4 256gb Full Hd,,5.0,(1),5,2.352,235
ACER,Lindo Notebook Acer Aspire Core I5 Com Excelente Desempenho!,,5.0,(1),5,849,84
HP,Notebook Hp Elitebook 840 G9 Intel Vpro I5- W11p 256gb,Por HP ,5.0,(1),5,8.177,4.599
LENOVO,Notebook Lenovo LOQ-e 15iax9e Intel Core i5-12450hx 16gb 512gb Ssd Rtx 3050 Windows 11 15.6 - 83me0007br Luna Grey,Por Mobcom ,,,5,9.510,4.999
DELL,Notebook Dell Latitude 3410 i5-10210U de 8 GB e 256 GB W10pro 14 cores preto,,4.3,(44),5,3.258,325
DELL,Notebook Dell Latitude 5290 I5 7th 8gb 256gb Windows 10,,,,5,1.547,154
ASUS,Notebook Asus X515 N4500 16gb Ram Ddr4 1tb Nvme Windows 11,,,,5,3.855,3.546
ASUS,Notebook Asus Vivobook Tela 16 Ips I7 13a 40gb Ram 2tb Nvme,,5.0,(1),5,7.649,6.807
LENOVO,Notebook Lenovo T490 Core I7 8ger 16gb Ssd256b Win 11 Pro,,5.0,(1),5,2.290,229
LENOVO,Notebook Lenovo Thinkpad T14 I7 10210u 32gb 512m2,,,,5,3.450,345
HP,Notebook Hp Probook 840 G8 Core I5-1145g7 16gb Ssd 256gb,,,,5,2.549,254
DELL,"Dell Inspiron 5566, I5-7200u, 8 Gb, 240 Gb Ssd, 15.6",,,,5,1.649,164
,"Notebook Multi I3-8145u 4gb 240gb Ssd Linux 15,6'' Cinza - Ub491",Por 123 Comprou ,4.6,(45),5,3.165,1.745
DELL,"Notebook Inspiron 3501 15.55"" preto 4GB de Ram - 256GB SSD - Intel Core i3",Por Mercado Vendeu ,4.8,(119),5,3.791,3.374
SAMSUNG,Notebook Samsungp 550x Core I3-1115g4 3.00ghz 8gb Ssd128gb,,,,5,2.090,1.630
,Notebook Positivo Motion Q464c Intel 4gb Ram 64 Gb Ssd,,,,5,999,99
DELL,Notebook Dell Latitude 5490 Ci5 12gb Ram 480gb Ssd 14 renovado,,,,5,2.999,299
ASUS,"Notebook X515ka Celeron Dual 4gb 128gb Ssd W11 15,6 Asus",Por Mercado Livre ,5.0,(1),5,1.999,1.885
LENOVO,Lenovo Thinkpad E470 I5 16gb 256gb Ssd Preto Windows 11,,,,5,1.590,159
LENOVO,"Lenovo Thinkpad T490 14,0 Fhd (1920 x 1080) 250 nits Ips Anti",,,,5,2.843,284
,Notebook Vaio Fe 16 Amd Ryzen 7 - 5825u Linux 8gb 512gb Ssd Tela 16 Ips Wuxga Antirreflexo - Cinza Grafite - Vjfe69f11xb0321h,Por Vaio ,,,5,4.299,3.449
HP,Notebook Hp Pentium Na Promoção!,,,,5,699,69
LENOVO,Notebook Lenovo LOQ-e 15iax9e Intel Core i5-12450hx 16gb 512gb Ssd Rtx 3050 Windows 11 15.6 - 83me0007br Luna Grey,Por Mobcom ,,,5,9.510,4.999
ACER,Notebook Acer Nitro 16 AN16-73-772B / Intel® Core™ i7-14700HX 14ªGeração / 32GB DDR5 / 512SSD / Windows 11 / Nvidia® GeForce® RTX 4060 GDDR6 / 16” WQXGA (2560 x 1600) 165 Hz,Por Acer Brasil ,,,5,17.999,1.799
ASUS,Notebook Asus X515 Intel Celeron Dual Core 4 Gb 128 Gb Ssd,Por Mercado Livre ,,,5,1.869,186
LENOVO,"Notebook Lenovo Ideapad Intel Celeron - N4020, 4GB RAM, 128SSD, Windows 11 Home C/office, Tela Led 15,6"", Cor Cinza - 82VX0001BR",Por Siberiano ,4.7,(1726),5,2.299,1.927
,Notebook Multi Ultra Celeron N4020c 4gb 128gb W11 14'' Cinza,Por Gigantec ,4.6,(151),5,1.494,1.404
ASUS,"Notebook Asus Vivobook 15 M1502ya Amd Ryzen 7 7730u 16gb Ram 512gb Ssd Linux Keepos 15,6 Fhd Cool Silver - Nj495",Por Asus ,5.0,(4),5,4.499,4.004
ASUS,"Notebook ASUS Vivobook Go E1504FA AMD Ryzen 5 7520U 8GB Ram 256GB SSD Windows 11 Tela 15,6"" FHD Black - NJ825W",Por Asus ,4.9,(82),5,2.889,277
LENOVO,"Notebook Ideapad 1i Intel Core i7 1255U, 12GB RAM, 512GB SSD, Linux, Tela 15,6"" HD 82VYS01000",Por Lenovo ,4.8,(4571),5,3.419,328
LENOVO,Notebook Lenovo V14 G4 Intel Core I5 16gb 512gb Ssd W11 14 ,Por Lenovo ,5.0,(2),5,4.099,3.839
ACER,Notebook Acer Aspire 3 Ci3 15.6  Uhd 256gb 8gb Debian 64bits,Por Mobcom ,5.0,(1),5,3.099,2.549
HP,Notebook Hp 256r G9 Intel Core I5-1335u 15.6 Hd Intel® Iris Xe Graphics 256gb Ssd 16gb Ram Windows 11 Home Pls Sl- Ay6z5la#ak4,Por HP ,4.8,(54),5,3.803,3.324
HP,Notebook Hp 256g8 Core I5-1135g7 8gb Ssd 256gb W11h,Por Concordia Informatica ,,,5,4.364,419
,Tapete Office Mouse Pad Dupla Face Tecido sintético impermeável e antiderrapante Toque macio Geonav Preto E Rosa,,4.9,(76),5,68,34
ASUS,"Notebook Asus Vivobook 15 X1504za Intel Core I5 1235u 8gb Ram 256gb Ssd Linux Keepos Tela 15,6 Fhd Blue - Nj982",Por Asus ,4.7,(164),5,3.099,2.789
LENOVO,Notebook Lenovo Thinkbook 14 Intel Core i7 32gb 1tb W11pro,Por Lenovo ,,,5,6.929,665
ASUS,"Notebook Asus Vivobook 15 X1504za Intel Core I5 1235u 8gb Ram 512gb Ssd Windows 11 Tela 15,6 Fhd Silver - Nj986w",Por Asus ,4.9,(177),5,3.699,3.129
DELL,Notebook Gamer Dell G15-i1300-a20p I5 8gb 512gb 15.6'' W11,,4.8,(440),5,6.238,599
LENOVO,"Notebook ThinkPad E14 14"" black 16GB de Ram 256GB SSD Intel Core i5 - Excelente (Recondicionado)",Por Micro Livre ,,,5,2.977,297
LENOVO,"Ultrabook Lenovo ThinkPad L14 preto 14"", AMD AMD Ryzen 5 PRO 4650U 4650U 8 GB de RAM 256 GB SSD, AMD Radeon Graphics 60 Hz 1366x768px Windows 10 Pro",Por Itotal ,5.0,(5),5,4.223,3.378
,"Notebook Positivo Vision R15 Lumina Bar, Amd Ryzen 5 8gb 256gb, Tela 15 Polegadas Full Hd Antirreflexo, Windows 11 Home Tecla Copilot - Preto",,4.7,(87),5,3.707,2.780
ASUS,"Notebook Asus Vivobook 15 X1504za Intel Core I5 1235u 16gb Ram 512gb Ssd Linux Keepos Tela 15,60 Fhd Quiet Blue - Nj931",Por Asus ,4.8,(208),5,3.799,3.099
LENOVO,Chromebook Lenovo 100e Intel Celeron N4500 4gb 32gb,Por Lenovo ,5.0,(7),5,1.484,143
DELL,Notebook Dell Latitude 7490 I5 32gb Ssd 480gb,,,,5,3.560,2.314
HP,Notebook Hp I5 6ª Geração 16gb Ddr4 Ssd/ Com Garantia E N.f,,4.3,(15),5,1.695,1.339
,"Notebook Multi Ultra Celeron N4020c 4gb 128gb W11 15,6'' Cinza - Ub261",Por Gigantec ,4.6,(385),5,1.621,1.489
LENOVO,Notebook Lenovo LOQ 15IRX9 Intel Core i5-13450HX RTX 3050 8GB 512GB SSD Windows 11 83KH0001BR Luna Grey,Por Lenovo ,5.0,(2),5,5.644,542
LENOVO,"Notebook Lenovo IdeaPad 1i Intel Core i3-1215U 4GB 256GB SSD Linux 14"" 83AFS00500",Por Lenovo ,4.8,(4571),5,2.019,194
LENOVO,Notebook Lenovo Loq 15irx9 Intel Core i7-13650hx 16gb 512gb Ssd Rtx 4050 Windows 11 15.6 - 83kh0003br Luna Grey,Por Lenovo ,5.0,(1),5,7.499,720
HP,Notebook Hp Elitebook 840 G9 Intel Vpro I5- W11p 256gb,Por HP ,5.0,(1),6,8.177,4.599
DELL,Notebook Dell Latitude 3410 i5-10210U de 8 GB e 256 GB W10pro 14 cores preto,,4.3,(44),6,3.258,325
DELL,"Dell Inspiron 5566, I5-7200u, 8 Gb, 240 Gb Ssd, 15.6",,,,6,1.649,164
LENOVO,Notebook Lenovo Loq 15irx9 Intel Core i7-13650hx 16gb 512gb Ssd Rtx 4050 Windows 11 15.6 - 83kh0003br Luna Grey,Por Lenovo ,5.0,(1),6,7.499,720
DELL,Notebook Dell Latitude E5470 I5 6ª Geração  8gb Ssd 256gb Nf,,,,6,1.998,1.698
,"Notebook Positivo Vision R15 Lumina Bar, Amd Ryzen 7 16gb 512gb, Tela 15 Polegadas Full Hd Antirreflexo, Linux - Preto",Por Positivo ,4.8,(27),6,3.899,3.099
LENOVO,"Notebook Lenovo Ideapad 1i Celeron N4020 128gb 4gb W11 15,6'",Por 123 Comprou ,5.0,(1),6,3.665,1.979
,"MacBook Air M2 (2022) 13.6"" silver 8GB de Ram - 256GB SSD - Apple M",,4.9,(489),6,7.315,731
DELL,Notebook Dell N4050 Core I3 8gb Ssd 240gb Hdmi,,,,6,899,89
DELL,"Notebook Inspiron 3501 15.55"" preto 4GB de Ram - 256GB SSD - Intel Core i3",Por Mercado Vendeu ,4.8,(119),6,3.791,3.374
,"MacBook Air 13-inch 13"" midnight 8GB de Ram - 256GB SSD - Apple Chip M3",,4.8,(56),6,8.889,889
DELL,"Notebook Dell Inspiron I15 Intel Core i3 -1215U (12ªGeração), 8GB RAM, 256GB SSD, Linux, Tela 15,6"" FULL HD - I15-I120K-U10P",,4.9,(12),6,3.525,338
LENOVO,Notebook Lenovo Thinkpad T470 I5 7th Ger 8g Ddr4 240gb Ssd,Por Tech Forte ,,,6,1.899,1.576
,Caderno Iforu Notebook A4+ 30 folhas  quadricualdo unidade x 1 22cm x 14.5cm cor violeta,,,,6,129,12
DELL,Notebook Dell Latitude 5490 Core I5 8th 16gb Ram 256gb Ssdm,,4.1,(70),6,2.999,299
LENOVO,"Notebook Lenovo Yoga Slim 7 Aura Edition 14ILL10 Intel Core Ultra 7 258V 32GB 1TB SSD Windows 11 14"" - 83JX002UBR Luna Grey",Por Lenovo ,,,6,11.399,1.095
ASUS,Notebook Asus Zenbook 14 Intel Core Ultra7 16gb 1tb Ssd W11,Por Asus ,4.7,(12),6,9.999,961
SAMSUNG,"Samsung Chromebook 4 Intel Dual-Core 4GB 32GB Tela 11.6"" Prata XE310XBA-KT3BR Google Chrome OS HD LED",,4.6,(1532),6,1.288,124
LENOVO,Notebook Lenovo E14 Core I7 10ger 16gb 240ssd Windows 11,Por SLA Informatica ,,,6,3.199,319
LENOVO,"Notebook Ideapad 1i Intel Core i7 1255U 16GB RAM 512GB SSD Windows 11 Home Tela 14"" HD 83AF000FBR",Por Lenovo ,4.8,(4571),6,4.039,388
LENOVO,Notebook Lenovo V14 G4 Intel Core I5 16gb 512gb Ssd W11 14 ,Por Lenovo ,,,6,3.594,345
DELL,Notebook Dell Latitude 5480 Core Intel I7 16gb Ram Ssd 256gb,,5.0,(3),6,1.999,200
DELL,Notebook Dell Latitude 3420 Core I5 11ger 16gb 256gb Ssd,,,,6,3.399,339
LENOVO,Notebook Lenovo V14 Intel Core I5-13420h 16gb 512gb W11 Pro,Por Lenovo ,,,6,3.949,379
LENOVO,Notebook Lenovo Thinkpad E14 Ryzen 5 5500u 8gb 256gb,,,,6,2.599,2.469
LENOVO,Notebook Ideapad 1i I5 16gb 512gb W11 Home 15.6  82vy000xbr,Por Lenovo ,4.9,(77),6,3.699,3.459
LENOVO,Notebook Lenovo ThinkBook 14 G6 Intel Core i5-13420H 16GB 512GB SSD Windows 11 - 21NQ000PBR Arctic Grey,Por Lenovo ,,,6,4.649,446
ASUS,Notebook Asus E510ka Intel Celeron Dual Core 4gb 128gb W11,Por Asus ,4.7,(7),6,2.099,1.742
ASUS,Notebook Asus Vivobook Intel Core I5 1235u 16gb 512ssd W11,Por Asus ,,,6,4.199,3.779
DELL,"Notebook Inspiron 3511 15.6"" preto 8GB de Ram - 256GB SSD - Intel Core i5",Por Mercado Vendeu ,4.6,(14),6,3.896,3.467
DELL,Notebook Dell Latitude 7490 Core I7 8gb Ssd256gb Win11 Nfe,,,,6,2.290,1.786
LENOVO,Notebook Lenovo V14 Intel Core I5 8gb 256gb Ssd W11 Pro 14 ,Por Lenovo ,,,6,3.554,341
SAMSUNG,Notebook Galaxy Book2 intel core i7-1255U 8GB RA SSD 512GB 15.6 Full HD Windows 11 grafite NP550XED-KS2BR,Por Login ,4.8,(550),6,5.298,4.299
LENOVO,Notebook Lenovo Yoga 7x Snapdragon X Elite 32gb 1tb W11,Por Lenovo ,4.0,(1),6,10.139,974
,Notebook Vaio Fh15 I7-12650h Rtx 3050 64gb 1tb 15.6 Fullhd Cor Cinza-escuro,Por Vaio ,,,6,9.959,7.759
LENOVO,Notebook Lenovo Lenovo V14 Amd Ryzen 5 8gb 256gb W11,Por Lenovo ,,,6,2.819,270
,"MacBook Air M2 (2022) 13.6"" midnight 8GB de Ram - 256GB SSD - Apple M",,4.9,(489),6,7.390,739
ASUS,Notebook Asus Zenbook Snapdragon X1 26 100 32gb Ram 1tb W11,Por Asus ,,,6,9.699,969
DELL,Dell Latitude E7470 Core I5 - 6200 16gb 512gb Ssd - Vitrine,,,,6,1.789,178
HP,Notebook Hp 256r G9 Ci3 15.6  Uhd Graphics 256gb Ssd 8gb W11,Por HP ,5.0,(6),6,3.299,2.799
SAMSUNG,"Notebook Samsung Galaxy Book4 Intel® Core™ i5-1335U (1.3 Ghz, até 4.6GHz, 12 MB L3 Cache), Windows 11 Home, 16GB, 512GB SSD, Iris Xe, 15.6'' Full HD LED, 1.55kg",Por Samsung ,4.9,(1672),6,4.249,4.036
LENOVO,Notebook Ideapad 1i I3 4gb 256gb Linux 14   Abyss Blue,Por Lenovo ,,,6,2.299,2.154
LENOVO,Notebook Ideapad 1i I5 12gb 512gb Linux 15.6  82vys00900,Por Lenovo ,4.9,(60),6,3.199,2.999
LENOVO,Notebook Lenovo Thinkpad T490 I7 16gb Ssd 256gb 14 Gpu 2gb,,,,6,3.010,2.559
ACER,Notebook Acer Aspire 5 Ryzen 7 15.6  Radeon 512gb 8gb Linux,Por Mobcom ,4.7,(6),6,8.999,3.099
,Notebook 2 Em 1 Duo Intel Celeron Dual Core C4128b Positivo Cor Cinza,,4.3,(255),6,1.499,149
ASUS,"Notebook Asus Vivobook Go 15 E1504fa Amd Ryzen 3 7320u 4gb Ram 128gb Ssd Linux Keepos Tela 15,6 Fhd Black - Nj1291",Por Asus ,4.7,(130),6,2.179,209
LENOVO,Notebook Lenovo LOQ 15irx9 Intel Core i5-13450HX 16gb 512gb SSD RTX 3050 Windows 11 - 83kh0006br Luna Grey,Por Lenovo ,,,6,6.144,590
DELL,"Notebook Latitude 3420 14"" preto 8GB de Ram - 256GB SSD - Intel Core i5 - Excelente (Recondicionado)",Por Micro Livre ,,,6,2.632,263
LENOVO,Notebook Gamer Lenovo Loq-e Ci5-12450 Rtx3050 512gb 16gb W11,Por Mobcom ,,,6,10.000,5.799
LENOVO,Notebook Lenovo Yoga Slim 7 Intel Core Ultra 7 32gb 1tb W11,Por Lenovo ,,,6,12.999,12.169
DELL,Notebook Dell Latitude 7490 I5 8gb Ssd 240gb 14  60hz,,,,6,3.100,1.860
DELL,Notebook Dell I7 6a - 8gb Ram - Ssd 240gb- Windows 10+office,,,,6,2.319,1.576
ASUS,"Notebook ASUS Vivobook 15 M1502YA AMD Ryzen 7 7730U 16GB Ram 1TB SSD Linux KeepOS 15,6"" FHD Cool Silver NJ493",Por Asus ,5.0,(1),6,4.899,4.115
LENOVO,"Notebook Lenovo Ideapad 1i Intel Core I3 - 1215U, 4GB RAM, 256GB SSD, Windows 11 Home, Tela 15.6'' - 82VY000TBR Cor cinza",Por INPOWER ,4.8,(1213),7,3.253,2.277
LENOVO,"Notebook Gamer Lenovo Loq 15irh8 Intel Core i5 12450H 16gb RAM 512GB SSD RTX 2050 Windows 11 Home Tela 15,6"" Full HD 83EU0001BR",Por Mobcom ,4.9,(2015),7,5.294,4.899
HP,Notebook Hp 256r G9 Intel Core I3-1315u 15.6 Hd Intel Uhd Graphics 256gb Ssd 8gb Ram Windows 11 Home 64 Sl - AN1A2LA#AK4,Por HP ,5.0,(23),7,3.137,2.659
DELL,Notebook Dell Gamer - Core I7 + 16 Gb Ddr4 + 512 Ssd M2,Por Tech Forte ,,,7,3.699,2.996
ACER,Notebook Gam Nitro V Anv15-51-54dl I5 8gb 512gb Ssd Rtx4050,Por Acer Brasil ,4.8,(308),7,7.299,5.449
ASUS,"Notebook Asus Intel Celeron N4020 4gb 128gb Ssd W11 15,6 Cor Cinza",,4.7,(1073),7,2.469,246
DELL,"Notebook Dell Latitude 5480 14"" preto 16GB de Ram - 256GB SSD - 16GB HDD - Intel Core i5",,4.0,(45),7,2.999,299
DELL,"Notebook gamer G15 I1300 15.6"" preto 32GB de Ram - 1.024TB SSD - Intel Core i5",,5.0,(6),7,8.290,829
LENOVO,Notebook Ideapad 1 R3 8gb 256gb W11 15.6  82x5000abr,Por Lenovo ,4.7,(49),7,2.699,2.554
HP,Notebook Hp 256r G9 Intel Core I5-1335u 15.6 Hd Intel Uhd Graphics 256gb Ssd 8gb Ram Windows 11 Home 64 Sl- Ay6z4la#ak4,Por HP ,4.8,(62),7,3.803,3.134
HP,Notebook Hp Probook 440 G9 Intel Core I3-1215u 14 Intel Uhd 256gb 8gb Ram Windows 11 Pro- 839y2la#ak4,Por HP ,5.0,(5),7,3.099,297
SAMSUNG,"Notebook Samsung Galaxy Book4 Intel® Core i3-1315U (1.2 Ghz, até 4.5GHz, 10 MB L3 Cache), Windows 11 Home, 8GB, 512GB SSD, Placa Gráfica Intel® UHD, 15.6"" Full HD LED, 1.55Kg",Por Mercado Livre ,4.9,(75),7,3.799,2.519
LENOVO,Notebook Lenovo Ideapad 1 R5-7520u 8gb 512gb Ssd Linux 15.6 ,Por Lenovo ,4.8,(18),7,2.799,2.649
LENOVO,"Notebook Lenovo Yoga Slim 6i Intel Core i5-1240P Evo 16gb 512gb SSD Windows 11 Home Tela 14"" Cor Storm grey 83C70000BR",,4.8,(177),7,5.206,500
LENOVO,Notebook Lenovo V14 Amd R5 7520u 8gb 256gb Ssd W11 Pro Preto,Por Lenovo ,,,7,3.174,305
DELL,Notebook Latitude 3540 Core I5-1235u Ram 8gb Ssd 512gb,,5.0,(1),7,4.700,470
ACER,"Notebook Acer Aspire 5 A515-45-R5AT AMD Ryzen 5 5500U 15.6""AMD Radeon Graphics 256GB SDD 8GB RAM Windows 11",,4.9,(172),7,3.639,363
DELL,Dell Alienware M18 R2 I9-14900 128gb 2tb Ssd Rtx 4090 16gb,,,,7,44.999,4.499
HP,Notebook Hp Elitebook 840 G9 Intel Vpro I5- W11p 256gb,Por HP ,5.0,(1),7,8.177,4.599
HP,Notebook Hp 256r G9 Intel Core I5-1335u 15.6 Hd Intel® Iris Xe Graphics 256gb Ssd 16gb Ram Windows 11 Home Pls Sl- Ay6z5la#ak4,Por HP ,4.8,(54),7,3.803,3.324
,"Notebook Positivo Vision R15 Lumina Bar, Amd Ryzen 5 8gb 256gb, Tela 15 Polegadas Full Hd Antirreflexo, Windows 11 Home Tecla Copilot - Preto",,4.7,(87),7,3.707,2.780
,Notebook Positivo Vision R15 Ryzen 7 Linux 8gb 512gb Ssd,Por Positivo ,4.5,(16),7,3.999,2.942
,Notebook Multi Ultra Celeron N4020c 4gb 128gb W11 14'' Cinza,Por 123 Comprou ,4.7,(6),7,2.531,1.349
LENOVO,Notebook Lenovo V14 G4 Intel Core i5 8gb 256gb Ssd W11 14 83GK000KBR,Por Lenovo ,5.0,(1),7,3.204,307
LENOVO,Lenovo Loq-e I5 Rtx 3050 16gb+controle Xbox+gift Card R$50,Por Mobcom ,,,7,6.656,5.099
LENOVO,Notebook Lenovo Ideapad 1 Intel Core i3 4gb 256gb Ssd Windows 11,Por Lenovo ,4.7,(6),7,2.249,216
ASUS,"Notebook Asus Vivobook Go E1504GA Intel Core I3 N305 4Gb Ram 256Gb Ssd Linux Keepos Tela 15,6 Fhd Silver - Nj447",,4.6,(392),7,2.399,239
DELL,Dell Notebook Core I5 8th 16gb Ssd Win11 Pro Latitude 5400 Cor Cinza-escuro,,4.1,(53),7,3.025,302
LENOVO,Notebook Lenovo V14 Amd R5 7520u 8gb 256gb Ssd W11 Pro Preto,Por Lenovo ,,,7,3.599,3.404
LENOVO,Notebook Ideapad 1 R3 4gb 256gb W11 Home 15.6  82x5000ebr,Por Lenovo ,4.9,(24),7,2.399,2.269
SAMSUNG,"Notebook Samsung Galaxy Book4, Windows 11 Home, Intel® Core I7, 16gb, 512gb Ssd, 15.6'' Full Hd Led, 1.55 Kg - Grafite",Por Samsung ,4.8,(314),7,5.199,4.748
LENOVO,"Notebook Lenovo Ideapad 1 Intel Core i3 1215U 4gb Ram 128gb Ssd Linux Tela 15,6"" Intel Uhd Graphics 82VYS01100",,4.8,(574),7,2.299,229
LENOVO,Notebook Lenovo Thinkpad E14 I5 10a 16gb Ssd 240gb + Brinde,,4.7,(3),7,2.398,1.990
ASUS,"Notebook Gamer Asus Tuf Gaming F15 Fx507vu Rtx4050 Intel Core I7 13620h 16gb Ram 512gb Ssd Windows 11 Home 15,60 Fhd 144hz Ips Cinza - Lp177w",Por Asus ,4.8,(15),7,8.739,8.039
LENOVO,Notebook Lenovo V14 Intel Core I7 16gb 512gb Ssd W11 Pro 14 ,Por Lenovo ,,,7,5.299,4.964
ASUS,Notebook Asus Vivobook Go 15 Intel Celeron 4gb 128gb Wind11,,3.7,(3),7,1.999,1.899
,"Notebook Positivo Vision R15 Lumina Bar Amd Ryzen 5 16gb 512gb, Tela 15 Full Hd Antirreflexo, Linux - Preto",Por Positivo ,4.0,(22),7,3.899,2.768
LENOVO,"Notebook Lenovo Ideapad 1i I7 12gb 512gb Ssd 15,6 Cloud Grey",Por Fast Shop ,4.9,(7),7,4.254,3.943
,Notebook Positivo Master I5 6200u 14' Ram 8gb Ssd 480gb,,,,7,1.859,185
,Notebook Vaio Carbon Intel Core I5 10ger 8gb 240ssd 14pol,Por SLA Informatica ,4.7,(3),7,2.599,259
,Notebook Positivo Master Dual Core 14' 4gb 480gb Ssd,Por 4Show ,3.8,(4),7,1.609,160
LENOVO,Notebook Lenovo Thinkpad P16v Intel Ultra 7 16gb 1tb W11 Pro,Por Lenovo ,,,7,14.499,13.569
LENOVO,Notebook Lenovo V14 Intel Core I7 16gb 512gb Ssd W11 Pro 14 ,Por Lenovo ,,,7,4.649,446
,Notebook Positivo Master N1140 Celeron 14.1 4gb 240gb Ssd,,,,7,1.479,147
LENOVO,Notebook Lenovo Thinkpad X1 Carbon Intel I7 8650u 16gb 256gb,,5.0,(1),7,2.815,2.252
LENOVO,Ultrabook Lenovo Thinkpad L14 Gen2 I5-1145g7 16gb Nvme256+nf Cor Preto,,3.6,(7),7,3.449,344
LENOVO,"Notebook Lenovo Ideapad 3 R5 8gb 256gb Ssd 15,6'' W11 Cor Prateado",,4.9,(230),7,120.000,12.245
DELL,Notebook Dell Latitude 3470 Core I5 + 16 Gb Ram + 480 Gb Ssd,Por Tech Forte ,4.5,(318),7,2.496,1.542
LENOVO,Notebook Lenovo Thinkbook 14 Intel Core i5 16gb 256gb Windows 11 PRO,,,,7,5.399,539
LENOVO,Notebook Lenovo Thinkpad L440 I7 4ager 16gb Ssd 256gb,,,,7,1.499,1.424
LENOVO,Notebook Lenovo Thinkpad X1 Carbon I7-8th 16gb 256gb +brinde,,,,7,2.797,2.181
LENOVO,Notebook Ideapad 1i I3 4gb 256gb Linux 15.6  82vys00600,Por Lenovo ,4.5,(13),7,2.399,2.224
LENOVO,Notebook Lenovo T480 Core I5-8ªth 16gb Ssd 240gb Tela Hd Cor Black - Excelente (Recondicionado),,5.0,(6),7,1.712,171
ASUS,Notebook Asus Vivobook 15 Intel Core I5 1235u 8gb 512ssd Fhd,Por Asus ,4.6,(21),7,3.399,2.769
LENOVO,Notebook Lenovo Thinkbook 16 Intel Core I7 16gb 512gb W11pro,Por Lenovo ,,,7,6.659,640
LENOVO,Notebook Lenovo Thinkbook 16 Intel Core I7 16gb 512gb W11,Por Lenovo ,,,7,6.139,590
,Notebook Positivo Vision C14 Intel® Celeron® Linux 4GB 128GB eMMC 14” HD Lumina BAR – Cinza,,4.6,(3685),7,1.433,138
HP,Notebook Hp Probook 440 G9 Intel Core I3-1215u 14 Intel Uhd 256gb 8gb Ram Windows 11 Pro- 839y2la#ak4,Por HP ,5.0,(5),8,3.099,297
,"Notebook Positivo Vision R15 Lumina Bar, Amd Ryzen 5 8gb 256gb, Tela 15 Polegadas Full Hd Antirreflexo, Windows 11 Home Tecla Copilot - Preto",,4.7,(87),8,3.707,2.780
HP,Notebook Hp Elitebook 840 G9 Intel Vpro I5- W11p 256gb,Por HP ,5.0,(1),8,8.177,4.599
HP,Notebook Hp Probook L8u43av#8gb - I5 - Ssd 256gb,Por Saldao da informatica ,3.7,(7),8,1.776,170
,Notebook Positivo Vision C14 Intel® Celeron® Linux 4GB 128GB eMMC 14” HD Lumina BAR – Cinza,,4.6,(3685),8,1.433,138
SAMSUNG,"Notebook Samsung Galaxy Book Go Snapdragon® 7c Gen 2 (Kryo™ 468 Octa-core CPU, até 2.55 GHz), Windows 11 Home, 4GB, 128GB UFS, 14'' Full HD LED, 1.38kg",Por Samsung ,4.6,(314),8,2.149,214
,Notebook Samsung Galaxy Book Go 7c snapdragon  4gb 128ssd Cor Prata,,,,8,1.999,199
LENOVO,"Notebook Lenovo V14 Intel Core i5 - 1235U, 8GB RAM, 256GB SSD, Windows 11 Pro, Tela 14"" FHD - 82UL0015BR",,5.0,(6),8,3.430,343
SAMSUNG,"Notebook Samsung Galaxy Book4 360, 16gb, Intel Core I7, 1tb Ssd, Windows 11 Home, 15.6'' Full Hd Amoled, Np750qgk-kg1br",Por Samsung ,4.7,(85),8,7.999,7.295
HP,Notebook Hp 256r G9 Intel Core I5-1335u 15.6 Hd Intel® Iris Xe Graphics 256gb Ssd 16gb Ram Windows 11 Home Pls Sl- Ay6z5la#ak4,Por HP ,4.8,(54),8,3.803,3.324
LENOVO,Notebook Lenovo LOQ-e 15iax9e Intel Core i5-12450hx 16gb 512gb Ssd Rtx 3050 Windows 11 15.6 - 83me0007br Luna Grey,Por Mobcom ,,,8,9.510,4.999
DELL,Notebook Dell Latitude 3410 i5-10210U de 8 GB e 256 GB W10pro 14 cores preto,,4.3,(44),8,3.258,325
ASUS,"Notebook ASUS TUF Gaming A15 FA506NFR RTX 2050 AMD Ryzen 7 7435HS 16Gb Ram 512Gb SSD Windows 11 Home Tela 144Hz nivel IPS 15,6"" FHD Graphite Black - HN060W",Por Asus ,4.5,(8),8,5.999,5.319
LENOVO,Notebook Lenovo E14 Intel Core I5 10ger 16gb 240ssd Win 11 Cor Black,,5.0,(1),8,3.756,375
ASUS,"Notebook Gamer ASUS TUF Gaming F15 FX507ZC4 RTX 3050 Intel Core i5 12500H 16Gb Ram 512Gb SSD Linux KeepOS Tela 15,6"" 144Hz Gray - HN232",Por Asus ,4.9,(11),8,5.799,557
LENOVO,"Notebook Gamer Legion 5 Intel Core i7-14650HX 16GB 512GB SSD RTX4060 8GB W11Home 16"" WQXGA 83EW0002BR",Por Lenovo ,,,8,10.349,994
LENOVO,Notebook Gamer Legion Slim 5 Intel Core i5 16gb 512gb Rtx 3050 W11 Home,Por Lenovo ,4.7,(131),8,6.579,632
ACER,Notebook Gamer Acer Nv 7037 I713ªg 16gb 512ssd Rtx4050 Gutta,Por Acer Brasil ,4.8,(98),8,6.999,6.199
,"Notebook Chromebook Clamshell, 14, 32gb/4gb - Pc918a Cor Preto",Por Loja Multi ,4.7,(14),8,1.399,140
DELL,"Dell Inspiron 5566, I5-7200u, 8 Gb, 240 Gb Ssd, 15.6",,,,8,1.649,164
LENOVO,Notebook Celeron 15.6 128gb Ssd 4gb W11 82bu0006br Lenovo Cor Prateado,Por 123 Comprou ,4.6,(2368),8,3.665,2.199
,"MacBook Air M2 (2022) 13.6"" space gray 8GB de Ram - 256GB SSD - Apple M",,4.9,(489),8,7.490,749
LENOVO,Notebook Lenovo V14 G4 Intel Core I3 8gb 256gb Ssd W11 14 ,Por Lenovo ,,,8,2.894,278
LENOVO,Notebook Lenovo ThinkBook 14 G6 Intel Core i7-13700H 16GB 512GB SSD Windows 11 - 21NQ000HBR Arctic Grey,Por Lenovo ,,,8,6.054,581
,"Notebook Vaio Fh15 Intel Core I7 12th 16gb 1tb Ssd Tela 15,6'' Full Hd Antirreflexo, Nvidia Rtx 3050 6gb Shell Efi Cinza Chumbo Vjfh51f11x-b0311h",Por Vaio ,5.0,(3),8,9.999,6.399
DELL,Notebook Dell I5 6ª Geração/ 8gb /ssd  Promoção Com Garantia,,4.0,(2),8,1.429,138
,"MacBook Air 13-inch 13"" midnight 8GB de Ram - 256GB SSD - Apple Chip M3",,4.8,(56),8,8.889,889
HP,"Note Hp, Elitebook 840 G6, 14'', Core I5, 8gb, Ssd-256gb",Por OTH Produtos ,5.0,(5),8,1.890,181
LENOVO,Notebook Lenovo V14 Intel Core I3-1315u 8gb 256gb W11 Pro,Por Lenovo ,,,8,3.244,311
HP,Notebook Hp Probook 445 G10 Ryzen 5 Série 753u 16gb 512nvme Prateado,,,,8,3.590,359
ASUS,"Notebook Gamer ASUS TUF Gaming F15 FX507ZC4 RTX 3050 Intel Core i5 12500H 8Gb Ram 512Gb SSD Linux KeepOs Tela de 15,60"" 144Hz Mecha Gray - HN100",,4.9,(34),8,5.490,527
ASUS,"Notebook ASUS TUF Gaming F15 FX507VV RTX4060 Intel Core i7 13620H 8Gb Ram 512Gb SSD Linux KeepOS Tela Nível IPS 15,6"" LED 165Hz Mecha Gray - HQ334",Por Asus ,5.0,(4),8,9.299,7.949
,"MacBook Pro MacBook Pro 16"" M3 Max 16"" preto 48GB de Ram - 1TB SSD - Apple M3",,5.0,(1),8,29.583,
DELL,Dell Latitude 5400 Core I5 8th 8gb Ssd 240 Seminovo,,,,8,1.708,170
,"Notebook Ultra Multilaser Ub430 Processador Intel Core I3 - 7020u, 4gb De Memória Ram, 120gb Ssd, Tela 14,1 Pol. Hd, Com Tecla Netflix, Placa Gráfica Intel Hd Graphics 620, Prata, Windows 10 Home",,4.1,(237),8,1.627,1.545
,"Notebook Hq Joy, I5 1035g1 8gb Ssd 256gb 15.6 Windows 11",,5.0,(1),8,2.999,299
LENOVO,"Notebook Lenovo Thinkpad E14 Gen 6 14 Ultra 5 125u 16gb 512gb, cor preta",,,,8,6.520,652
,"MacBook Air M1 2020 13"" ouro 8GB de Ram - 256GB SSD - Apple M",,4.9,(238),8,6.099,609
LENOVO,Notebook Lenovo Core I5 8gb 256gb Ssd 15.6 Fullhd Win 10 Pro colorido cinza grafite,,5.0,(10),8,3.799,379
DELL,Notebook Dell Latitude 5490 Core I7 8 Geração 16gb Ssd 240gb,,,,8,3.899,3.587
DELL,Notebook Dell 3490 Core I7 8ger 16gb 512gb Ssd Preto,,3.9,(7),8,3.999,399
,"Apple MacBook Air (13 polegadas, 2020, Chip M1, 256 GB de SSD, 8 GB de RAM) - Prata",,4.9,(1091),8,6.065,606
ASUS,Notebook 15.6'' X515ja-ej1792w 256 Gb 8 Gb Ram Core I5 Asus Cor Cinza,,4.7,(306),8,3.199,319
LENOVO,Notebook Lenovo Thinkpad E14 Amd Ryzen 5 16gb 512gb W11 Pro,,,,8,5.641,564
DELL,"Notebook Dell Inspiron Intel Core I5 1235U 12ª Geração 16GB RAM, 512 SSD, Linux, Tela 15.6 Full Hd I15-I120K-U30P",,4.8,(126),8,4.256,425
,"Apple MacBook Pro A2992 14"" space black 18GB de Ram - 512GB SSD M3",,5.0,(6),8,14.027,1.402
,"Apple MacBook Air (13 polegadas, 2020, Chip M1, 256 GB de SSD, 8 GB de RAM) - Cinza-espacial",,4.9,(1091),8,5.899,589
DELL,"Dell Inspiron 5566, I5-7200u, 8 Gb, 240 Gb Ssd, 15.6",,,,8,1.649,164
LENOVO,"Notebook Lenovo V15 Intel Core i7-1255u 16gb 512gb SSD Windows 11 Pro 15""",,5.0,(10),8,8.990,899
DELL,Notebook Dell Latitude 5430 Corei5-1235U 16gb Ram 512gb Ssd Plateado,,,,8,4.618,461
LENOVO,Lenovo Thinkpad X230 8gb Ram 240gb Ssd Windows 10,,,,8,1.199,119
DELL,Notebook Dell Latitude E5470 - Core I5 6200 - 8gb 500gb - Excelente (Recondicionado),,,,8,1.699,169
DELL,Notebook Dell Latitude E6440 I5 2.70ghz Ssd 120gb 4gb Ram,,,,8,826,82
LENOVO,Notebook Lenovo V15 G3 Iap/i5-1235u/8gb/ssd256gb/w11pro,,5.0,(1),8,3.699,369
LENOVO,Lenovo Thinkpad T14 Gen 3 I5 16 Ram 512 Gb Ssd Win 11 Pro,,4.0,(10),8,4.499,449
DELL,Notebook Dell Latitude Intel Core I5 8gb Ssd 256gb Win11,,4.5,(2),8,2.299,229
ASUS,Notebook Gamer Rog Strix G16 G614ji Nvidia Rtx4070 Intel Core I9 13980hx 32gb Ram 1tb Ssd Windows 11 Tela 16 240hz Fhd Gray - N4440w,,4.7,(6),8,14.274,1.427
,"Notebook Positivo Vision R15 Lumina Bar, Amd Ryzen 5 8gb 256gb, Tela 15 Polegadas Full Hd Antirreflexo, Windows 11 Home Tecla Copilot - Preto",,4.7,(87),9,3.707,2.780
HP,Notebook Hp 256r G9 Intel Core I5-1335u 15.6 Hd Intel® Iris Xe Graphics 256gb Ssd 16gb Ram Windows 11 Home Pls Sl- Ay6z5la#ak4,Por HP ,4.8,(54),9,3.803,3.324
HP,Notebook Hp Elitebook 840 G9 Intel Vpro I5- W11p 256gb,Por HP ,5.0,(1),9,8.177,4.599
DELL,Notebook Dell 5420 Core I5 11°ger 16gb Ssd 512gb Nvme,,,,9,2.599,259
ASUS,Notebook Gamer Rog Strix G16 G614ji Nvidia Rtx4070 Intel Core I9 13980hx 32gb Ram 1tb Ssd Windows 11 Tela 16 240hz Fhd Gray - N4440w,,4.7,(6),9,14.274,1.427
LENOVO,Notebook Lenovo Thinkpad E14 Amd Ryzen 7 7730u 40gb 512ssd M Preto,,,,9,4.999,3.999
DELL,Notebook Dell Latitude 3440 Intel Core I5 16g 256ssd Cor Preto,,4.1,(8),9,4.970,497
SAMSUNG,"Notebook Samsung Galaxy Book4, Windows 11 Home, Intel® Core 7, 16gb, 512gb Ssd, Nvidia® Geforce® Mx570, 15.6' Full Hd Led, Fingerprint - Grafite",Por Samsung ,4.8,(86),9,6.699,6.364
LENOVO,Notbook Lenovo T480 Intel Core I5-83350u 16gb Ssd 256gb 14,,,,9,1.749,174
DELL,Notebook Dell Latitude 3410 i5-10210U de 8 GB e 256 GB W10pro 14 cores preto,,4.3,(44),9,3.258,325
DELL,"Dell Inspiron 5566, I5-7200u, 8 Gb, 240 Gb Ssd, 15.6",,,,9,1.649,164
DELL,"Notebook Dell Inspiron I15 Intel Core i3 -1215U (12ªGeração), 8GB RAM, 256GB SSD, Linux, Tela 15,6"" FULL HD - I15-I120K-U10P",,4.9,(12),9,3.525,338
ASUS,Computador portátil Asus Zenbook 14 Oled Q415m 14 Touch Intel Ultra 5 Color Gris Oscuro,,,,9,5.899,589
DELL,Notebook Dell Latitude 3420 Core I7 11th 64gb Ram 1tb Ssd Cor Grafite,,4.8,(24),9,6.707,670
LENOVO,"Lenovo Thinkpad E14: Laptop Empresarial De 14'', Amd Ryzen 7 7730u, 16 Gb De Ram, Ssd De 512 Gb, Lector De Huellas Dactilares, Hdmi, Rj45, Wi-fi 6.",,,,9,4.700,470
DELL,Notebook Dell Inspiron 3520 Core I5-1235u 8gb 512gb Ssd Fhd,,,,9,3.699,369
DELL,Notebook Dell Latitude 3400 Corei3 8th Ssd256gb 16gb(barato),,5.0,(1),9,2.999,1.349
DELL,Notebook Dell 5410 Tela Full Hd  I5-10ª Ger 16gb Ssd 512gb,,5.0,(1),9,2.399,239
LENOVO,Notebook Lenovo V14 Amd R5 7520u 8gb 256gb Ssd W11 Pro Preto,Por 2Eletro ,,,9,4.110,3.229
,"MacBook Air 13-inch 13"" midnight 8GB de Ram - 256GB SSD - Apple Chip M3",,4.8,(56),9,8.889,889
DELL,"Notebook Inspiron 3501 15.55"" preto 4GB de Ram - 256GB SSD - Intel Core i3",Por Mercado Vendeu ,4.8,(119),9,3.791,3.374
LENOVO,Notebook Lenovo Thinkpad T480 14  I5 8a 8gb Ssd 256gb,,5.0,(5),9,1.499,149
SAMSUNG,"Notebook Samsung Book I3 4gb 256gb Ssd 15,6'' W11 Cor Cinza-místico - Excelente (Recondicionado)",,,,9,2.299,229
ASUS,"Notebook Asus Vivobook Intel Core I3 1215u, 8 GB de RAM, SSD de 128 GB, Full HD, Windows 11 Home",,5.0,(1),9,2.499,249
,Notebook Gamer Msi Katana I7 16gb 1tb Ssd 15.6 Rtx 4070 8gb Cor preto,,,,9,9.891,989
HP,Notebook HP Probook 640 G2 prateado - Excelente (Recondicionado),,,,9,1.599,159
LENOVO,Notebook Lenovo Ideapad 3i I3-10110u 8gb Ram 256gb Ssd,,,,9,2.079,207
LENOVO,Notebook Lenovo Thinkpad E14 I5 16gb 512gb Ssd W11 Pro,,3.6,(7),9,4.799,479
LENOVO,Notebook Lenovo E14 Core I5 10ger 16gb 240ssd Win 11 01,Por SLA Informatica ,,,9,2.799,269
HP,Notebook Zbook Fury 17 Polegadas Nvidia Quadro Rtx3000 6gb Cinza,,,,9,4.590,441
LENOVO,Notebook Lenovo Thinkpad E14 Amd Ryzen 7 7730u 40gb 512ssd Preto,,,,9,5.789,4.341
HP,Notebook Hp Elitebook 840 G7 Core I5 10° 8gb Ssd 256gb Nvme,,5.0,(1),9,2.399,239
ACER,Notebook Acer Aspire 3 Intel Core I3 11ª 4gb Ssd 512gb 15.6,,5.0,(20),9,2.599,249
,"Notebook VAIO FH15 Intel Core i7 13th 32GB 1TB S SSD Tela 15,6'' Full HD Antirreflexo NVIDIA RTX 3050 Shell Efi Cinza Chumbo VJFH52F11X-B0821H",Por Vaio ,4.5,(33),9,7.280,728
DELL,"Notebook Dell Vostro 3520 15.6 i5-1235U 8 Ram 256ssd Win 11H, cor preta",,,,9,3.999,399
LENOVO,Notebook Lenovo T480 Core I5-8ªth 16gb Ssd 240gb Tela Hd Cor Black - Bom (Recondicionado),,5.0,(6),9,1.749,174
,"MacBook Air M2 (2022) 13.6"" space gray 8GB de Ram - 256GB SSD - M",,4.9,(489),9,7.620,762
LENOVO,Notebook Lenovo Thinkpad E431 Core I5 8gb Ssd 240 Win 11 Pró,,5.0,(3),9,1.250,125
HP,Notebook Hp Elitebook 840 G7 Core I5 10° 16gb Ssd 256gb Nvme,,4.6,(12),9,2.589,258
DELL,Notebook Core I5 Dell Latitude 8gb Ram 256gb Ssd M2 Win11,,5.0,(3),9,2.299,229
DELL,Notebook Dell 3400 I7 8ª 16gb Ssd 256gb (Recondicionado),,,,9,2.099,210
,MacBook Air M2 2022 midnight 16GB de Ram - 256GB SSD - Apple M,,5.0,(4),9,8.508,850
LENOVO,Notebook Lenovo Thinkpad L14 G1 Ryzen 5-4650u Pro 8gb 256gb,,,,9,2.289,228
LENOVO,Notebook Lenovo P53 I7 9° 16gb Ssd 512gb M2 - Nvidia 4gb,,,,9,3.700,370
HP,Notebook Hp Zbook Core I7 10th 32gb 512gb Ssd Quadro Rtx3000 Cinza,,,,9,4.790,479
DELL,Notebook Dell Latitude 5400 Core I5 16gb Ram 256gb Ssd Win11,,,,9,1.598,159
DELL,Notebook Dell Latitude 5440 Core I7 13th 32gb Ram 512gb Ssd,,5.0,(2),9,7.300,730
DELL,Notebook Dell 5420 Core I5 11°th 16gb Ddr4 Ssd 256gb,,,,9,2.399,239
ACER,"Notebook Acer Aspire 3 A315-24p-R9ys 8gb Amd R3, cor cinza",,,,9,3.429,342
HP,Notebook Hp 250 G8 I5-1035 G1 8GB 256GB SSD W10p Cor Cinza-escuro,,,,9,3.804,380
ACER,"Chromebook Acer 315/15,6'/Intel N4020+4 GB de RAM+SSD de 64 GB",,,,9,1.699,169
SAMSUNG,Notebook Samsung Book i5-1135G7 8GB 512GB SSD 15.6'' Intel Iris Xe Windows 11 Cinza Chumbo,,4.7,(3096),9,3.100,297
LENOVO,Notebook Lenovo Ideapad 3i I51135g7 8gb 256gb Ssd Intel Iris® Xe W11 15.6 Fhd 82md0007br,,5.0,(4),9,2.927,281
SAMSUNG,Notebook Samsung Galaxy Book4 Ultra 32gb Intel Core Ultra 7 1tb Ssd Windows 11 Home 16'' Wqxga Amoled Antirreflexo Touchscreen Np960xglxg2br Grafite,,4.7,(53),9,9.859,947
DELL,"Notebook Dell Inspiron I15 Intel Core i3 -1215U (12ªGeração), 8GB RAM, 256GB SSD, Linux, Tela 15,6"" FULL HD - I15-I120K-U10P",,4.9,(12),9,3.525,338
DELL,Notebook Dell Latitude 5440 I5 16 GB de RAM 512 GB Ssd 14 Fhd,,,,9,5.550,533
HP,Notebook Dell Latitude 3420 Core I7 11ª G 16gb Ssd 256gb 14,,,,9,3.700,355
LENOVO,"Notebook Gamer Lenovo Loq 15irh8 Intel Core i5 12450H 16gb RAM 512GB SSD RTX 2050 Windows 11 Home Tela 15,6"" Full HD 83EU0001BR",Por Mobcom ,4.9,(2015),10,5.294,4.899
,"Notebook Positivo Vision R15 Lumina Bar, Amd Ryzen 5 8gb 256gb, Tela 15 Polegadas Full Hd Antirreflexo, Windows 11 Home Tecla Copilot - Preto",,4.7,(87),10,3.707,2.780
HP,Notebook Hp 256r G9 Intel Core I3-1315u 15.6 Hd Intel Uhd Graphics 256gb Ssd 8gb Ram Windows 11 Home 64 Sl - AN1A2LA#AK4,Por HP ,5.0,(23),10,3.137,2.659
DELL,Notebook Dell Latitude 5440 I5 16 GB de RAM 512 GB Ssd 14 Fhd,,,,10,5.550,533
HP,Notebook Dell Latitude 3420 Core I7 11ª G 16gb Ssd 256gb 14,,,,10,3.700,355
LENOVO,Notebook Lenovo Ideapad 3i 82MD000ABR 4gb RAM 256gb SSD 15.6'' W11 Cor Cinza 60Hz Intel Core i3 FHD,,4.8,(2062),10,2.399,230
DELL,Notebook Dell Latitude 3420 I5 11th Com 16gb 512gb,,,,10,3.645,364
,"Notebook Ultra, Linux, 15,6 Pol. HD, Intel Celeron, 240GB SSD/ 8GB RAM, Cinza Escovado - UB262",Por Loja Multi ,4.5,(51),10,1.699,1.510
,"Notebook Ultra, Com Windows 11 Pro, Tela 14 Pol Ul154i5wpro Cor Preto",Por Loja Multi ,4.5,(2),10,2.399,239
LENOVO,"Notebook Lenovo Ideapad 1i Intel Core I3 - 1215U, 4GB RAM, 256GB SSD, Windows 11 Home, Tela 15.6'' - 82VY000TBR Cor cinza",Por INPOWER ,4.8,(1213),10,3.253,2.277
HP,Notebook Hp Probook 440 G9 Intel Core I3-1215u 14 Intel Uhd 256gb 8gb Ram Windows 11 Pro- 839y2la#ak4,Por HP ,5.0,(5),10,3.099,297
SAMSUNG,Notebook Samsung Galaxy Book4 Windows 11 Home Intel Core I3 8gb 256gb Ssd 15.6'' Full Hd Led 1.55 Kg Grafite,Por 2Eletro ,4.9,(3473),10,3.590,2.899
,Apple Macbook Air 13 M4 16gb Ram | 256gb Ssd | Lacrado Azul,,,,10,10.699,1.028
,Macbook Air Retina Processador M2 8gb Ram 512ssd - 2022,,5.0,(1),10,8.827,882
,Apple Macbook Pro 14 Chip M4 16gb 512ssd 2024 Lançamento,,,,10,15.799,1.579
ASUS,"Notebook Asus Vivobook Core I5 8gb 256ssd Linux 15,6 Prata Cor Prateado",,4.3,(60),10,2.999,2.819
DELL,Notebook Dell E7440 I5 4a 8gb Ssd 240gb Hdmi Win10,,5.0,(1),10,1.387,1.234
DELL,Notebook Dell Latitude 3420 - I7 11ª - Ssd 512gb  16gb Ram,,5.0,(1),10,2.899,2.464
HP,Notebook Hp 256r G9 Intel Core I5-1335u 15.6 Hd Intel Uhd Graphics 256gb Ssd 8gb Ram Windows 11 Home 64 Sl- Ay6z4la#ak4,Por HP ,4.8,(62),10,3.803,3.134
HP,Notebook Hp 256r G9 Intel Core I5-1335u 15.6 Hd Intel® Iris Xe Graphics 256gb Ssd 16gb Ram Windows 11 Home Pls Sl- Ay6z5la#ak4,Por HP ,4.8,(54),10,3.803,3.324
SAMSUNG,"Notebook Samsung Galaxy Book4 Intel® Core i3-1315U (1.2 Ghz, até 4.5GHz, 10 MB L3 Cache), Windows 11 Home, 8GB, 512GB SSD, Placa Gráfica Intel® UHD, 15.6"" Full HD LED, 1.55Kg",Por Mercado Livre ,4.9,(75),10,3.799,2.519
,Notebook Positivo Master Core I5 14' Ram 8gb Hd 1tb,,,,10,1.699,169
ASUS,"Notebook Asus Vivobook 15,6 Fhd I5 12ª 20gb 1tb Nvme Win 11",,4.9,(10),10,4.539,4.175
LENOVO,Notebook Lenovo Thinkbook 14 Intel Core i5 16gb 512gb W11pro,Por Lenovo ,,,10,5.129,492
LENOVO,"Note Lenovo V15 Proc I7 4,7ghz Mem 8gb Ssd 256gb Win 10 Pro",,,,10,4.170,400
LENOVO,Notebook Lenovo T480 Core I5-8ªth 16gb Ssd 240gb Tela Hd Cor Black - Aceitável (Recondicionado),,5.0,(6),10,1.799,172
,Macbook Pro M4 Pro 14  24gb Ram 512ssd A3401 Envio Imediato,,5.0,(6),10,17.680,1.768
ASUS,"Notebook Asus E510ma-br1348ws Intel Celeron Dual Core N4020 1,1 Ghz 4gb Ram 128gb Emmc Led Hd Windows 11 Home + Office 365 Personal Incluso - Rosa",,4.6,(21),10,2.649,264
LENOVO,Notebook Lenovo Legion Slim 5 Intel Core i7 16gb Ram 512gb Ssd 16'' Windows 11,,4.7,(131),10,8.458,812
,"MacBook Air M1 2020 13"" prata 8GB de Ram - 256GB SSD - Apple M - Aceitável (Recondicionado)",Por OTH Produtos ,5.0,(1),10,4.290,429
HP,Notebook Hp Elitebook 840 G9 Intel Vpro I5- W11p 256gb,Por HP ,5.0,(1),10,8.177,4.599
,Alienware M18 R2 Fhd+ 480 hz i9-14900HX 64 GB Rtx 4090 4 TB Cor da lua metálica escura,,,,10,38.499,3.700
HP,Notebook Elitebook Hp 840 I5 6300u 16gb Ssd 256gb Win 11,,4.5,(161),10,1.849,184
DELL,Notebook Dell Latitude 5431 Core I5 1250p 16gb 512gb Ssd,,,,10,4.299,3.869
LENOVO,Notebook Lenovo Thinkbook 16 Intel Core I5 16gb 512gb W11,Por Lenovo ,,,10,6.099,5.709
LENOVO,Notebook Lenovo Thinkpad E14 I5 8gb 256gb Ssd Windows 11,,3.6,(7),10,3.999,399
,"MacBook Pro A1989 (2019) 13.3"" prata 8GB de Ram - 512GB SSD - Intel Core i5 - Excelente (Recondicionado)",,,,10,3.999,400
LENOVO,Notebook Ideapad 1 R5 8gb 512gb W11 15.6  82x5000gbr,Por Lenovo ,5.0,(2),10,3.099,2.900
ACER,Notebook Acer Aspire 5 A515 Ryzen 7 5700u 512gb 8gb Ram W11,,4.8,(42),10,4.100,394
ASUS,Notebook Asus Vivobook S14 Core Ultra 7 32gb 1tb Ssd W11,Por Asus ,,,10,11.499,1.149
LENOVO,Notebook Lenovo Thinkpad T480 I5 8a 16gb Ssd 240gb + Brinde,,4.2,(5),10,1.798,1.528
,Notebook Positivo Master N2240 I5-1135g7 8gb Hd256gb W11 Pro,,,,10,2.399,239
ACER,Notebook Acer Aspire 3 A315-510p-34xc 8gb 256gb Ssd,Por TNT Info ,,,10,3.116,311
ASUS,"Notebook Gamer ASUS TUF Gaming F15 FX507VU RTX4050 Core i7 13620H 8Gb Ram 512Gb SSD Linux 15,6"" FHD 144Hz Gray LP151",,5.0,(61),10,8.999,899
,Netbook Escolar Ótimo Pra Estudos Assistir Filmes E Séries,,3.8,(8),10,350,34
LENOVO,Notebook I5 Tela Touch Ssd 256gb 32gb Fhd Hdmi Usb-c Tb3 T14,,5.0,(5),10,3.999,2.799
HP,"Notebook 256-g8 Hp, Intel Core I3, Wh11, 8gb, 256gb Ssd - Excelente (Recondicionado)",,,,10,2.299,229
ASUS,"Notebook ASUS Vivobook Intel Core i5 8GB 256GB SSD KeepOS 15,6"" FHD Icelight Silver - X1502ZA-EJ1761",,4.8,(497),10,3.199,319
,"Notebook 15,6 Pol Intel N95 Gtx1060 8gb Ssd 256gb Windows 11",Por INTERFY ,,,10,3.040,292
ASUS,Notebook Asus Vivobook 15 Intel Core I5 1235u 8gb 512ssd W11,Por Asus ,5.0,(3),10,3.699,3.107
,"MacBook Air 13-inch 13"" starlight 16GB de Ram - 512GB SSD - Apple Chip M3",,,,10,10.990,1.099
LENOVO,Notebook Lenovo V14 G4 Intel Core I5 8gb 256gb Ssd W11 14 ,Por Lenovo ,,,10,3.649,3.419
ASUS,Notebook Asus Zenbook S14 Core Ultra7 258v 32gb 1tb Ssd W11,Por Asus ,3.7,(3),10,14.999,13.919
LENOVO,Notebook Lenovo Ideapad 1-14 Core I5-1235u 12gb 512gb Ssd,,,,10,1.989,198
DELL,Notebook 2 Em 1 Dell Inspiron 2in1-i150u-m50,,,,10,6.100,610
DELL,Notebook Dell Latitude 5280 Core I5 7300u 16gb 256gb Ssd,,,,10,1.899,1.709
,"MacBook Air 13-inch 13"" space gray 8GB de Ram - 256GB SSD - Apple Chip M3",,4.8,(56),10,8.790,879
